timepoint,P,growth_rate,fitness,mut_type
A108C,0.04640232847156693,0.03282989813865492,1.0333747453226465,Nonsynonymous
A108G,0.33138555917624535,0.015794409645884577,1.0159198006229193,Synonymous
A114C,,,,Nonsynonymous
A114G,,,,Synonymous
A124C,0.001024109164815609,0.025219476781687927,1.0255401780838485,Nonsynonymous
A124G,1.436837463802466e-08,-0.12760474333104244,0.8802012157983057,Nonsynonymous
A136G,0.00024810045581944416,-0.09269159987554584,0.9114745558215857,Nonsynonymous
A144C,,,,Nonsynonymous
A144G,0.03959868204491172,0.017852299737341246,1.0180126045560045,Synonymous
A147C,,,,Synonymous
A147G,0.14916944012953592,0.033286695806199695,1.0338468963265381,Synonymous
A148G,0.6456688999277147,0.014905569894770099,1.015017211907969,Nonsynonymous
A165C,0.05168555978513521,0.021622349809782893,1.021857806797643,Synonymous
A165G,0.03644760864002847,0.07362948614033243,1.0764079075537707,Synonymous
A168C,0.7510697545754007,0.041509830373946094,1.0423834088198114,Synonymous
A168G,0.029001599953405625,0.01906501264075372,1.0192479104616978,Synonymous
A174C,0.1609385628935339,0.015680736778685422,1.015804324669704,Nonsynonymous
A174G,0.048467169682935116,0.017678799289014974,1.0178359942341404,Synonymous
A195G,,,,Synonymous
A202G,0.004721086754414966,0.05201434657558837,1.0533908549564834,Nonsynonymous
A206C,,,,Nonsynonymous
A206G,,,,Nonsynonymous
A209C,0.5297677010523996,0.06128680827854549,1.0632038061157156,Nonsynonymous
A216C,,,,Synonymous
A216G,0.52243437254752,0.012550920205039187,1.0126300135557682,Synonymous
A217G,0.503346336036547,0.035396268390843144,1.036030173476872,Nonsynonymous
A226C,0.7764750812125353,0.014989416975550562,1.0151023217061836,Nonsynonymous
A226G,0.004483739296465458,0.03261602598806218,1.0331537588757618,Nonsynonymous
A227C,0.12029621427643052,0.10396493782731797,1.1095615505948633,Nonsynonymous
A227G,0.017386979524187943,0.04921987923335369,1.0504512977748994,Nonsynonymous
A240G,0.11370355739268553,0.032328759435893,1.0328570109825017,Synonymous
A24G,,,,Synonymous
A274G,,,,Nonsynonymous
A30C,,,,Synonymous
A30G,0.7177366216827766,0.005549282245784937,1.0055647080333228,Synonymous
A353C,,,,Nonsynonymous
A386G,0.007307966344506854,0.06502315333370219,1.0671837329592393,Nonsynonymous
A40C,0.00015748634593838704,0.06383647525635286,1.0659180805283544,Nonsynonymous
A40G,0.0514118991522014,0.08834518018358528,1.0923651197509605,Nonsynonymous
A461G,,,,Nonsynonymous
A46C,0.1056715495451504,-0.02095948381982761,0.9792586395851909,Nonsynonymous
A46G,0.10046030890647335,0.023219835703015265,1.0234915147942005,Nonsynonymous
A46T,0.3461812245526926,-0.052382526976689964,0.9489657923888856,Nonsynonymous
A470C,,,,Nonsynonymous
A470G,0.5313957580254018,0.03428641385858458,1.0348809685364018,Nonsynonymous
A51C,,,,Nonsynonymous
A58G,,,,Nonsynonymous
A96G,0.37468698846357573,-0.023063260644945294,0.9772006634736894,Synonymous
C10G,,,,Nonsynonymous
C10T,0.06582459158910552,0.024405907372609212,1.0247061692752073,Synonymous
C115A,0.00635794300139407,0.09773097016937202,1.102666095128258,Nonsynonymous
C115G,,,,Nonsynonymous
C115T,0.6619506628580571,0.008694673267028497,1.0087325817262098,Nonsynonymous
C116A,,,,Nonsynonymous
C116G,,,,Nonsynonymous
C116T,,,,Nonsynonymous
C130A,0.0006040068995119248,0.09654876401138174,1.101363286726183,Nonsynonymous
C130G,0.2255641453926185,0.021258295114718523,1.021485862373555,Nonsynonymous
C130T,0.0017159728110226707,0.029299014726798633,1.0297324536139218,Nonsynonymous
C138G,0.0002882271109354794,-0.180373108242797,0.8349586233420848,Synonymous
C157A,,,,Nonsynonymous
C157T,,,,Nonsynonymous
C158T,0.014413741240128524,0.06541236205161713,1.0675991710125359,Nonsynonymous
C17G,0.8173151507287759,0.004827249666821076,1.0048389196068424,Nonsynonymous
C17T,,,,Nonsynonymous
C184G,,,,Nonsynonymous
C203A,0.3340749647808411,0.021125686982045228,1.0213504140217684,Nonsynonymous
C203T,0.0860880242328386,0.04760854785028856,1.0487600355902618,Nonsynonymous
C20G,,,,Nonsynonymous
C20T,,,,Nonsynonymous
C211T,,,,Nonsynonymous
C218A,0.943425924578956,0.004782979478425209,1.004794436183216,Nonsynonymous
C218T,,,,Nonsynonymous
C230T,0.629674686444496,0.011612009997725048,1.0116796911033465,Nonsynonymous
C251T,,,,Nonsynonymous
C26G,0.4439319310626968,-0.009791525316245608,0.9902562555912765,Nonsynonymous
C26T,,,,Nonsynonymous
C334T,,,,Synonymous
C34G,,,,Nonsynonymous
C34T,,,,Nonsynonymous
C36G,0.31854485764956897,0.034478033426795,1.0350792909813655,Synonymous
C42G,0.526574610111192,-0.022044464920382006,0.9781967386440833,Nonsynonymous
C434G,0.8753923863187091,0.009167143892839347,1.0092092908470343,Nonsynonymous
C45G,0.0038467472339980095,-0.14001732247930548,0.8693431760891968,Synonymous
C56G,0.011590742682873413,0.03852813669058236,1.0392799698455428,Nonsynonymous
C56T,,,,Nonsynonymous
C57G,,,,Synonymous
C61G,,,,Nonsynonymous
C62T,,,,Nonsynonymous
C69G,,,,Nonsynonymous
C6G,0.06912122239250404,-0.07979565606550366,0.923304998887195,Nonsynonymous
C70G,0.0044399254829192315,0.11947703516205352,1.1269073645250403,Nonsynonymous
C70T,0.3273546223551459,0.017624565000362524,1.0177807941199113,Synonymous
C77T,,,,Nonsynonymous
C84G,,,,Synonymous
C86G,,,,Nonsynonymous
C86T,,,,Nonsynonymous
G118A,0.6972362550537263,-0.00778377232500424,0.9922464427841312,Nonsynonymous
G118C,0.14924920417729765,-0.08805264123217879,0.9157126712112037,Nonsynonymous
G118T,0.010267305945013813,0.04695139026884934,1.048071061388868,Nonsynonymous
G120C,0.4837347116892907,0.062453303279058014,1.0644447516777586,Synonymous
G12C,,,,Synonymous
G131A,,,,Nonsynonymous
G140T,,,,Nonsynonymous
G159C,0.01926170948019635,0.06385232662166829,1.0659349769191602,Synonymous
G16A,0.0005760983913525116,0.07063563524056814,1.073190121959831,Nonsynonymous
G188A,0.03444672715220344,-0.35441854737956136,0.7015812608963498,Nonsynonymous
G19A,,,,Nonsynonymous
G19T,,,,Nonsynonymous
G204C,,,,Synonymous
G205A,0.688184200313031,0.009075806249392165,1.0091171162582322,Nonsynonymous
G205C,,,,Nonsynonymous
G212A,0.8410072960396354,0.012174219040332446,1.0122486264892308,Nonsynonymous
G212C,0.9909736192794503,-9.868968091869545e-05,0.9999013151887477,Nonsynonymous
G21C,0.3860768014717071,-0.06570030736304794,0.9364114578626841,Synonymous
G223A,0.5473605595829328,0.005872476215454142,1.0058897530065296,Nonsynonymous
G223C,0.41573929852128694,0.055183170597252806,1.0567341595762327,Nonsynonymous
G225C,0.5472714651571635,-0.061036957974250294,0.9407884694974635,Synonymous
G228C,,,,Nonsynonymous
G232A,0.003238061125907907,0.03176418594250388,1.032274051868756,Nonsynonymous
G232C,,,,Nonsynonymous
G25A,0.00626397575093404,0.03617773779862743,1.0368401157943383,Nonsynonymous
G25T,,,,Nonsynonymous
G293A,,,,Nonsynonymous
G293C,,,,Nonsynonymous
G3T,,,,Nonsynonymous
G449A,,,,Nonsynonymous
G462C,,,,Nonsynonymous
G48C,,,,Nonsynonymous
G63C,0.9852785357697995,0.00024062110982656093,1.0002406500614078,Synonymous
G76T,,,,Nonsynonymous
G85A,,,,Nonsynonymous
G85C,,,,Nonsynonymous
G85T,,,,Nonsynonymous
G89T,0.860636913823291,-0.004827891303722659,0.9951837442309344,Nonsynonymous
T111C,0.14829570660116145,0.04286913893515101,1.0438012929641853,Synonymous
T119C,,,,Nonsynonymous
T119G,,,,Nonsynonymous
T122G,,,,Nonsynonymous
T123C,0.030799988507642616,-0.3884062733536252,0.6781367783873891,Synonymous
T123G,1.1628339927299e-05,-0.039948408212896,0.9608390092752144,Nonsynonymous
T125C,,,,Nonsynonymous
T135C,0.18160937836793645,0.013212215807261646,1.0132998827967907,Synonymous
T135G,0.37997066439141747,0.007869349215122973,1.0079003939241125,Nonsynonymous
T139C,0.8190050639202182,-0.013705126733828316,0.9863883609414272,Nonsynonymous
T139G,0.00011141081306148449,-0.16109363321156253,0.8512123656281538,Nonsynonymous
T153C,0.08206532443250449,0.028054420563521254,1.0284516518169688,Synonymous
T156C,,,,Synonymous
T15C,,,,Synonymous
T15G,,,,Nonsynonymous
T177C,0.045452348110316364,0.019484288491829482,1.019675346097272,Synonymous
T177G,0.07116501485322238,-0.052380510034449934,0.9489677064000068,Nonsynonymous
T180C,0.967507100959393,0.0019163382022159836,1.0019181755517421,Synonymous
T180G,0.7739530419539493,-0.00222334833225335,0.9977791214758962,Nonsynonymous
T201C,0.028255337097981257,0.041019062910328086,1.0418719664680456,Synonymous
T220A,,,,Nonsynonymous
T233C,0.16921852236293683,0.15218616357782072,1.1643769808412145,Nonsynonymous
T237C,,,,Synonymous
T33C,0.018392190907699123,-0.1765529903046673,0.8381543639233039,Synonymous
T33G,0.037724283800902286,0.04408927718068671,1.045075652131551,Nonsynonymous
T39C,,,,Synonymous
T39G,0.14191818729475092,0.024451501274397963,1.0247528906927494,Synonymous
T41C,,,,Nonsynonymous
T41G,,,,Nonsynonymous
T47A,0.00014180489634764754,-0.08050533967405271,0.9226499769204617,Nonsynonymous
T47C,0.44401551771569825,-0.014437055671917942,0.9856666589053811,Nonsynonymous
T47G,0.3170567197775852,-0.01236422015504468,0.9877119027585001,Nonsynonymous
T75C,,,,Synonymous
T75G,,,,Synonymous
T88C,,,,Nonsynonymous
T93C,0.6499533917429754,0.006095177510789002,1.006113790903327,Synonymous
T93G,,,,Nonsynonymous
