Type,deleterious_effective_P_1,beneficial_effective_P_1,neutral_effective_P_1,deleterious_inst_P_1,beneficial_inst_P_1,neutral_inst_P_1,deleterious_effective_S_1,beneficial_effective_S_1,neutral_effective_S_1,deleterious_inst_S_1,beneficial_inst_S_1,neutral_inst_S_1,dNdneutral_1,deleterious_effective_P_2,beneficial_effective_P_2,neutral_effective_P_2,deleterious_inst_P_2,beneficial_inst_P_2,neutral_inst_P_2,deleterious_effective_S_2,beneficial_effective_S_2,neutral_effective_S_2,deleterious_inst_S_2,beneficial_inst_S_2,neutral_inst_S_2,dNdneutral_2,deleterious_effective_P_3,beneficial_effective_P_3,neutral_effective_P_3,deleterious_inst_P_3,beneficial_inst_P_3,neutral_inst_P_3,deleterious_effective_S_3,beneficial_effective_S_3,neutral_effective_S_3,deleterious_inst_S_3,beneficial_inst_S_3,neutral_inst_S_3,dNdneutral_3,deleterious_effective_P_4,beneficial_effective_P_4,neutral_effective_P_4,deleterious_inst_P_4,beneficial_inst_P_4,neutral_inst_P_4,deleterious_effective_S_4,beneficial_effective_S_4,neutral_effective_S_4,deleterious_inst_S_4,beneficial_inst_S_4,neutral_inst_S_4,dNdneutral_4,deleterious_effective_P_5,beneficial_effective_P_5,neutral_effective_P_5,deleterious_inst_P_5,beneficial_inst_P_5,neutral_inst_P_5,deleterious_effective_S_5,beneficial_effective_S_5,neutral_effective_S_5,deleterious_inst_S_5,beneficial_inst_S_5,neutral_inst_S_5,dNdneutral_5,deleterious_effective_P_6,beneficial_effective_P_6,neutral_effective_P_6,deleterious_inst_P_6,beneficial_inst_P_6,neutral_inst_P_6,deleterious_effective_S_6,beneficial_effective_S_6,neutral_effective_S_6,deleterious_inst_S_6,beneficial_inst_S_6,neutral_inst_S_6,dNdneutral_6,deleterious_effective_P_7,beneficial_effective_P_7,neutral_effective_P_7,deleterious_inst_P_7,beneficial_inst_P_7,neutral_inst_P_7,deleterious_effective_S_7,beneficial_effective_S_7,neutral_effective_S_7,deleterious_inst_S_7,beneficial_inst_S_7,neutral_inst_S_7,dNdneutral_7,deleterious_effective_P_8,beneficial_effective_P_8,neutral_effective_P_8,deleterious_inst_P_8,beneficial_inst_P_8,neutral_inst_P_8,deleterious_effective_S_8,beneficial_effective_S_8,neutral_effective_S_8,deleterious_inst_S_8,beneficial_inst_S_8,neutral_inst_S_8,dNdneutral_8,deleterious_effective_P_9,beneficial_effective_P_9,neutral_effective_P_9,deleterious_inst_P_9,beneficial_inst_P_9,neutral_inst_P_9,deleterious_effective_S_9,beneficial_effective_S_9,neutral_effective_S_9,deleterious_inst_S_9,beneficial_inst_S_9,neutral_inst_S_9,dNdneutral_9,deleterious_effective_P_10,beneficial_effective_P_10,neutral_effective_P_10,deleterious_inst_P_10,beneficial_inst_P_10,neutral_inst_P_10,deleterious_effective_S_10,beneficial_effective_S_10,neutral_effective_S_10,deleterious_inst_S_10,beneficial_inst_S_10,neutral_inst_S_10,dNdneutral_10,deleterious_effective_P_11,beneficial_effective_P_11,neutral_effective_P_11,deleterious_inst_P_11,beneficial_inst_P_11,neutral_inst_P_11,deleterious_effective_S_11,beneficial_effective_S_11,neutral_effective_S_11,deleterious_inst_S_11,beneficial_inst_S_11,neutral_inst_S_11,dNdneutral_11,deleterious_effective_P_12,beneficial_effective_P_12,neutral_effective_P_12,deleterious_inst_P_12,beneficial_inst_P_12,neutral_inst_P_12,deleterious_effective_S_12,beneficial_effective_S_12,neutral_effective_S_12,deleterious_inst_S_12,beneficial_inst_S_12,neutral_inst_S_12,dNdneutral_12,deleterious_effective_P_13,beneficial_effective_P_13,neutral_effective_P_13,deleterious_inst_P_13,beneficial_inst_P_13,neutral_inst_P_13,deleterious_effective_S_13,beneficial_effective_S_13,neutral_effective_S_13,deleterious_inst_S_13,beneficial_inst_S_13,neutral_inst_S_13,dNdneutral_13,deleterious_effective_P_14,beneficial_effective_P_14,neutral_effective_P_14,deleterious_inst_P_14,beneficial_inst_P_14,neutral_inst_P_14,deleterious_effective_S_14,beneficial_effective_S_14,neutral_effective_S_14,deleterious_inst_S_14,beneficial_inst_S_14,neutral_inst_S_14,dNdneutral_14,deleterious_effective_P_15,beneficial_effective_P_15,neutral_effective_P_15,deleterious_inst_P_15,beneficial_inst_P_15,neutral_inst_P_15,deleterious_effective_S_15,beneficial_effective_S_15,neutral_effective_S_15,deleterious_inst_S_15,beneficial_inst_S_15,neutral_inst_S_15,dNdneutral_15,deleterious_effective_P_16,beneficial_effective_P_16,neutral_effective_P_16,deleterious_inst_P_16,beneficial_inst_P_16,neutral_inst_P_16,deleterious_effective_S_16,beneficial_effective_S_16,neutral_effective_S_16,deleterious_inst_S_16,beneficial_inst_S_16,neutral_inst_S_16,dNdneutral_16,deleterious_effective_P_17,beneficial_effective_P_17,neutral_effective_P_17,deleterious_inst_P_17,beneficial_inst_P_17,neutral_inst_P_17,deleterious_effective_S_17,beneficial_effective_S_17,neutral_effective_S_17,deleterious_inst_S_17,beneficial_inst_S_17,neutral_inst_S_17,dNdneutral_17,deleterious_effective_P_18,beneficial_effective_P_18,neutral_effective_P_18,deleterious_inst_P_18,beneficial_inst_P_18,neutral_inst_P_18,deleterious_effective_S_18,beneficial_effective_S_18,neutral_effective_S_18,deleterious_inst_S_18,beneficial_inst_S_18,neutral_inst_S_18,dNdneutral_18,deleterious_effective_P_19,beneficial_effective_P_19,neutral_effective_P_19,deleterious_inst_P_19,beneficial_inst_P_19,neutral_inst_P_19,deleterious_effective_S_19,beneficial_effective_S_19,neutral_effective_S_19,deleterious_inst_S_19,beneficial_inst_S_19,neutral_inst_S_19,dNdneutral_19,deleterious_effective_P_20,beneficial_effective_P_20,neutral_effective_P_20,deleterious_inst_P_20,beneficial_inst_P_20,neutral_inst_P_20,deleterious_effective_S_20,beneficial_effective_S_20,neutral_effective_S_20,deleterious_inst_S_20,beneficial_inst_S_20,neutral_inst_S_20,dNdneutral_20,deleterious_effective_P_21,beneficial_effective_P_21,neutral_effective_P_21,deleterious_inst_P_21,beneficial_inst_P_21,neutral_inst_P_21,deleterious_effective_S_21,beneficial_effective_S_21,neutral_effective_S_21,deleterious_inst_S_21,beneficial_inst_S_21,neutral_inst_S_21,dNdneutral_21,deleterious_effective_P_22,beneficial_effective_P_22,neutral_effective_P_22,deleterious_inst_P_22,beneficial_inst_P_22,neutral_inst_P_22,deleterious_effective_S_22,beneficial_effective_S_22,neutral_effective_S_22,deleterious_inst_S_22,beneficial_inst_S_22,neutral_inst_S_22,dNdneutral_22,deleterious_effective_P_23,beneficial_effective_P_23,neutral_effective_P_23,deleterious_inst_P_23,beneficial_inst_P_23,neutral_inst_P_23,deleterious_effective_S_23,beneficial_effective_S_23,neutral_effective_S_23,deleterious_inst_S_23,beneficial_inst_S_23,neutral_inst_S_23,dNdneutral_23,deleterious_effective_P_24,beneficial_effective_P_24,neutral_effective_P_24,deleterious_inst_P_24,beneficial_inst_P_24,neutral_inst_P_24,deleterious_effective_S_24,beneficial_effective_S_24,neutral_effective_S_24,deleterious_inst_S_24,beneficial_inst_S_24,neutral_inst_S_24,dNdneutral_24,deleterious_effective_P_25,beneficial_effective_P_25,neutral_effective_P_25,deleterious_inst_P_25,beneficial_inst_P_25,neutral_inst_P_25,deleterious_effective_S_25,beneficial_effective_S_25,neutral_effective_S_25,deleterious_inst_S_25,beneficial_inst_S_25,neutral_inst_S_25,dNdneutral_25,deleterious_effective_P_26,beneficial_effective_P_26,neutral_effective_P_26,deleterious_inst_P_26,beneficial_inst_P_26,neutral_inst_P_26,deleterious_effective_S_26,beneficial_effective_S_26,neutral_effective_S_26,deleterious_inst_S_26,beneficial_inst_S_26,neutral_inst_S_26,dNdneutral_26,deleterious_effective_P_27,beneficial_effective_P_27,neutral_effective_P_27,deleterious_inst_P_27,beneficial_inst_P_27,neutral_inst_P_27,deleterious_effective_S_27,beneficial_effective_S_27,neutral_effective_S_27,deleterious_inst_S_27,beneficial_inst_S_27,neutral_inst_S_27,dNdneutral_27,deleterious_effective_P_28,beneficial_effective_P_28,neutral_effective_P_28,deleterious_inst_P_28,beneficial_inst_P_28,neutral_inst_P_28,deleterious_effective_S_28,beneficial_effective_S_28,neutral_effective_S_28,deleterious_inst_S_28,beneficial_inst_S_28,neutral_inst_S_28,dNdneutral_28,deleterious_effective_P_29,beneficial_effective_P_29,neutral_effective_P_29,deleterious_inst_P_29,beneficial_inst_P_29,neutral_inst_P_29,deleterious_effective_S_29,beneficial_effective_S_29,neutral_effective_S_29,deleterious_inst_S_29,beneficial_inst_S_29,neutral_inst_S_29,dNdneutral_29,deleterious_effective_P_30,beneficial_effective_P_30,neutral_effective_P_30,deleterious_inst_P_30,beneficial_inst_P_30,neutral_inst_P_30,deleterious_effective_S_30,beneficial_effective_S_30,neutral_effective_S_30,deleterious_inst_S_30,beneficial_inst_S_30,neutral_inst_S_30,dNdneutral_30,beneficial_inst_P,neutral_inst_P,deleterious_inst_P,beneficial_inst_S,neutral_inst_S,deleterious_inst_S,beneficial_effective_P,neutral_effective_P,deleterious_effective_P,beneficial_effective_S,neutral_effective_S,deleterious_effective_S
Pseudo,0,0,6974,0,0,6974,0,0,1882,0,0,1882,0.9802083333333332,0,0,6908,0,0,6908,0,0,1871,0,0,1871,0.9744791666666668,0,0,6821,0,0,6821,0,0,1980,0,0,1980,1.03125,0,0,6550,0,0,6550,0,0,1955,0,0,1955,1.0182291666666667,0,0,6861,0,0,6861,0,0,1909,0,0,1909,0.9942708333333332,0,0,6866,0,0,6866,0,0,1978,0,0,1978,1.0302083333333334,0,0,6712,0,0,6712,0,0,1947,0,0,1947,1.0140625,0,0,6778,0,0,6778,0,0,1883,0,0,1883,0.9807291666666668,0,0,6633,0,0,6633,0,0,1877,0,0,1877,0.9776041666666668,0,0,6700,0,0,6700,0,0,1891,0,0,1891,0.9848958333333332,0,0,6818,0,0,6818,0,0,1830,0,0,1830,0.953125,0,0,6778,0,0,6778,0,0,1956,0,0,1956,1.01875,0,0,6914,0,0,6914,0,0,1928,0,0,1928,1.0041666666666669,0,0,6588,0,0,6588,0,0,1938,0,0,1938,1.009375,0,0,6713,0,0,6713,0,0,1869,0,0,1869,0.9734375,0,0,6807,0,0,6807,0,0,1875,0,0,1875,0.9765625,0,0,6755,0,0,6755,0,0,1970,0,0,1970,1.0260416666666667,0,0,6738,0,0,6738,0,0,1864,0,0,1864,0.9708333333333332,0,0,6809,0,0,6809,0,0,1942,0,0,1942,1.0114583333333331,0,0,6818,0,0,6818,0,0,1892,0,0,1892,0.9854166666666668,0,0,6884,0,0,6884,0,0,1809,0,0,1809,0.9421875,0,0,6847,0,0,6847,0,0,1853,0,0,1853,0.9651041666666668,0,0,6625,0,0,6625,0,0,1911,0,0,1911,0.9953125,0,0,6701,0,0,6701,0,0,1888,0,0,1888,0.9833333333333332,0,0,6756,0,0,6756,0,0,1911,0,0,1911,0.9953125,0,0,6772,0,0,6772,0,0,1912,0,0,1912,0.9958333333333332,0,0,6803,0,0,6803,0,0,1933,0,0,1933,1.0067708333333334,0,0,6587,0,0,6587,0,0,1940,0,0,1940,1.0104166666666667,0,0,6696,0,0,6696,0,0,1959,0,0,1959,1.0203125,0,0,6540,0,0,6540,0,0,1944,0,0,1944,1.0125,0.0,6758.4,0.0,0.0,1909.9,0.0,0.0,6758.4,0.0,0.0,1909.9,0.0
Neutral,3140,0,665,3140,0,665,16,0,212,16,0,212,0.11875,3001,0,672,3001,0,672,18,0,190,18,0,190,0.1083333333333333,3097,0,665,3097,0,665,17,0,190,17,0,190,0.1078125,3082,0,643,3082,0,643,16,0,196,16,0,196,0.1104166666666666,3043,0,696,3043,0,696,13,0,204,13,0,204,0.1130208333333333,2972,0,654,2972,0,654,9,0,179,9,0,179,0.0979166666666666,3159,0,698,3159,0,698,13,0,175,13,0,175,0.0979166666666666,3048,0,697,3048,0,697,16,0,180,16,0,180,0.1020833333333333,3078,0,684,3078,0,684,19,0,200,19,0,200,0.1140625,3105,0,711,3105,0,711,15,0,174,15,0,174,0.0984375,3075,0,671,3075,0,671,19,0,199,19,0,199,0.1135416666666666,3173,0,682,3173,0,682,15,0,174,15,0,174,0.0984375,3122,0,713,3122,0,713,24,0,188,24,0,188,0.1104166666666666,2947,0,668,2947,0,668,21,0,202,21,0,202,0.1161458333333333,3155,0,717,3155,0,717,17,0,195,17,0,195,0.1104166666666666,2976,0,663,2976,0,663,10,0,210,10,0,210,0.1145833333333333,3079,0,660,3079,0,660,11,0,171,11,0,171,0.0947916666666666,3115,0,641,3115,0,641,16,0,207,16,0,207,0.1161458333333333,3090,0,673,3090,0,673,10,0,209,10,0,209,0.1140625,3153,0,700,3153,0,700,15,0,181,15,0,181,0.1020833333333333,3094,0,652,3094,0,652,18,0,168,18,0,168,0.096875,3101,0,695,3101,0,695,19,0,194,19,0,194,0.1109375,3093,0,689,3093,0,689,18,0,188,18,0,188,0.1072916666666666,3043,0,664,3043,0,664,7,0,153,7,0,153,0.0833333333333333,2955,0,659,2955,0,659,24,0,179,24,0,179,0.1057291666666666,3052,0,687,3052,0,687,14,0,169,14,0,169,0.0953125,3096,0,700,3096,0,700,12,0,169,12,0,169,0.0942708333333333,3089,0,651,3089,0,651,8,0,184,8,0,184,0.1,3091,0,655,3091,0,655,19,0,176,19,0,176,0.1015625,3067,0,685,3067,0,685,13,0,187,13,0,187,0.1041666666666666,0.0,677.0,3076.366666666667,0.0,186.76666666666668,15.4,0.0,677.0,3076.366666666667,0.0,186.76666666666668,15.4
Adaptive,3052,152,627,3052,152,627,18,6794,184,18,6794,184,3.64375,2908,223,655,2908,223,655,26,6631,186,26,6631,186,3.5640625,2989,173,613,2989,173,613,28,6776,200,28,6776,200,3.6479166666666663,3016,186,686,3016,186,686,24,6613,189,24,6613,189,3.5552083333333333,2982,155,650,2982,155,650,13,6793,210,13,6793,210,3.654166666666667,2927,185,616,2927,185,616,17,6653,210,17,6653,210,3.583333333333333,3004,205,609,3004,205,609,20,6635,184,20,6635,184,3.5619791666666667,2992,195,620,2992,195,620,21,6699,185,21,6699,185,3.5963541666666665,2990,183,641,2990,183,641,20,6670,177,20,6670,177,3.5765625,3089,195,652,3089,195,652,14,6509,190,14,6509,190,3.496354166666667,3043,193,634,3043,193,634,15,6521,171,15,6521,171,3.4932291666666666,3097,191,668,3097,191,668,22,6645,198,22,6645,198,3.575520833333333,2902,151,639,2902,151,639,19,6760,189,19,6760,189,3.629166666666667,2989,163,597,2989,163,597,18,6601,169,18,6601,169,3.535416666666667,2961,180,678,2961,180,678,16,6628,194,16,6628,194,3.5614583333333334,3012,212,603,3012,212,603,24,6816,207,24,6816,207,3.6703125,2984,176,648,2984,176,648,21,6645,184,21,6645,184,3.567708333333333,3024,187,662,3024,187,662,18,6787,186,18,6787,186,3.641145833333333,2974,162,608,2974,162,608,18,6626,211,18,6626,211,3.5703125,3054,200,607,3054,200,607,17,6681,168,17,6681,168,3.576041666666667,3032,183,648,3032,183,648,17,6699,174,17,6699,174,3.5885416666666665,3052,211,656,3052,211,656,27,6628,193,27,6628,193,3.566666666666667,3143,163,631,3143,163,631,20,6616,203,20,6616,203,3.5619791666666667,2919,188,623,2919,188,623,19,6726,193,19,6726,193,3.613541666666667,3059,185,644,3059,185,644,21,6752,184,21,6752,184,3.6234375,3080,172,605,3080,172,605,22,6600,186,22,6600,186,3.5458333333333334,3003,164,670,3003,164,670,14,6566,212,14,6566,212,3.5375,3059,166,647,3059,166,647,19,6709,203,19,6709,203,3.609895833333333,3051,171,657,3051,171,657,21,6763,203,21,6763,203,3.6390625,3031,177,647,3031,177,647,21,6663,197,21,6663,197,3.583854166666667,181.56666666666666,638.0333333333333,3013.9333333333334,6673.5,191.33333333333334,19.666666666666668,181.56666666666666,638.0333333333333,3013.9333333333334,6673.5,191.33333333333334,19.666666666666668
Neutral_dom,3497,0,705,3497,0,705,14,0,180,14,0,180,0.1010416666666666,3458,0,683,3458,0,683,11,0,200,11,0,200,0.1098958333333333,3417,0,666,3417,0,666,22,0,187,22,0,187,0.1088541666666666,3515,0,690,3515,0,690,18,0,168,18,0,168,0.096875,3448,0,695,3448,0,695,15,0,212,15,0,212,0.1182291666666666,3459,0,741,3459,0,741,9,0,213,9,0,213,0.115625,3396,0,673,3396,0,673,18,0,194,18,0,194,0.1104166666666666,3567,0,700,3567,0,700,20,0,180,20,0,180,0.1041666666666666,3465,0,705,3465,0,705,13,0,181,13,0,181,0.1010416666666666,3428,0,685,3428,0,685,13,0,176,13,0,176,0.0984375,3452,0,660,3452,0,660,24,0,174,24,0,174,0.103125,3494,0,676,3494,0,676,18,0,210,18,0,210,0.11875,3417,0,696,3417,0,696,15,0,184,15,0,184,0.1036458333333333,3579,0,647,3579,0,647,17,0,188,17,0,188,0.1067708333333333,3549,0,654,3549,0,654,16,0,191,16,0,191,0.1078125,3485,0,656,3485,0,656,18,0,163,18,0,163,0.0942708333333333,3461,0,733,3461,0,733,20,0,216,20,0,216,0.1229166666666666,3485,0,684,3485,0,684,19,0,222,19,0,222,0.1255208333333333,3554,0,670,3554,0,670,15,0,212,15,0,212,0.1182291666666666,3480,0,651,3480,0,651,23,0,190,23,0,190,0.1109375,3498,0,678,3498,0,678,20,0,191,20,0,191,0.1098958333333333,3433,0,673,3433,0,673,23,0,169,23,0,169,0.1,3384,0,694,3384,0,694,16,0,196,16,0,196,0.1104166666666666,3404,0,635,3404,0,635,17,0,192,17,0,192,0.1088541666666666,3468,0,719,3468,0,719,22,0,212,22,0,212,0.121875,3519,0,677,3519,0,677,19,0,204,19,0,204,0.1161458333333333,3563,0,651,3563,0,651,13,0,176,13,0,176,0.0984375,3471,0,668,3471,0,668,13,0,195,13,0,195,0.1083333333333333,3445,0,714,3445,0,714,21,0,184,21,0,184,0.1067708333333333,3363,0,633,3363,0,633,19,0,207,19,0,207,0.1177083333333333,0.0,680.4,3471.8,0.0,192.23333333333332,17.366666666666667,0.0,680.4,3471.8,0.0,192.23333333333332,17.366666666666667
Adaptive_dom,3372,235,639,3372,235,639,28,9941,166,28,9941,166,5.278645833333333,3376,243,600,3376,243,600,36,10025,206,36,10025,206,5.347395833333334,3399,232,608,3399,232,608,23,9796,184,23,9796,184,5.209895833333333,3297,258,597,3297,258,597,25,10015,168,25,10015,168,5.316666666666666,3294,261,611,3294,261,611,23,9944,172,23,9944,172,5.280729166666666,3345,256,632,3345,256,632,19,9973,184,19,9973,184,5.3,3435,255,593,3435,255,593,30,9898,197,30,9898,197,5.2734375,3313,251,664,3313,251,664,24,10177,166,24,10177,166,5.399479166666667,3353,257,639,3353,257,639,24,9848,215,24,9848,215,5.253645833333334,3438,244,621,3438,244,621,24,9972,180,24,9972,180,5.3,3429,261,617,3429,261,617,22,9945,200,22,9945,200,5.2953125,3374,249,630,3374,249,630,20,9829,188,20,9829,188,5.227604166666667,3377,263,602,3377,263,602,26,9964,211,26,9964,211,5.313020833333334,3375,274,604,3375,274,604,25,9902,176,25,9902,176,5.261979166666666,3456,252,637,3456,252,637,34,9843,224,34,9843,224,5.2609375,3264,230,622,3264,230,622,30,9892,175,30,9892,175,5.258854166666667,3261,253,624,3261,253,624,23,9927,156,23,9927,156,5.263541666666667,3327,275,649,3327,275,649,31,9981,208,31,9981,208,5.322916666666667,3293,251,601,3293,251,601,24,9914,172,24,9914,172,5.265625,3398,246,616,3398,246,616,29,9928,193,29,9928,193,5.286458333333333,3320,237,595,3320,237,595,22,10023,190,22,10023,190,5.330729166666667,3435,261,632,3435,261,632,15,9957,165,15,9957,165,5.2796875,3281,256,626,3281,256,626,20,9821,177,20,9821,177,5.217708333333333,3328,240,636,3328,240,636,18,9894,168,18,9894,168,5.25,3287,269,633,3287,269,633,33,9835,166,33,9835,166,5.226041666666666,3375,242,593,3375,242,593,20,9960,201,20,9960,201,5.302604166666667,3285,255,604,3285,255,604,26,9923,181,26,9923,181,5.276041666666667,3270,268,637,3270,268,637,26,9837,189,26,9837,189,5.235416666666667,3320,224,573,3320,224,573,24,9775,195,24,9775,195,5.205208333333333,3378,249,628,3378,249,628,28,9846,207,28,9846,207,5.250520833333334,251.56666666666666,618.7666666666667,3348.5,9919.5,186.0,25.066666666666666,251.56666666666666,618.7666666666667,3348.5,9919.5,186.0,25.066666666666666
quasi_stablespace20,2936,27,663,2936,27,663,18,4,175,18,4,175,0.1026041666666666,3098,33,699,3098,33,699,18,12,185,18,12,185,0.1119791666666666,2982,31,687,2982,31,687,13,6,202,13,6,202,0.1151041666666666,3032,20,676,3032,20,676,15,7,164,15,7,164,0.096875,3096,27,732,3096,27,732,16,1,172,16,1,172,0.0984375,2979,27,705,2979,27,705,16,10,180,16,10,180,0.1072916666666666,3174,37,689,3174,37,689,14,9,176,14,9,176,0.1036458333333333,2999,32,680,2999,32,680,13,3,194,13,3,194,0.109375,3110,26,673,3110,26,673,19,3,177,19,3,177,0.1036458333333333,3004,33,678,3004,33,678,8,8,178,8,8,178,0.1010416666666666,3059,37,693,3059,37,693,16,6,209,16,6,209,0.1203125,3015,25,620,3015,25,620,14,8,196,14,8,196,0.1135416666666666,3145,28,614,3145,28,614,21,5,174,21,5,174,0.1041666666666666,3132,20,676,3132,20,676,12,11,202,12,11,202,0.1171875,3045,29,706,3045,29,706,14,9,185,14,9,185,0.1083333333333333,3065,28,665,3065,28,665,18,5,205,18,5,205,0.11875,2982,32,679,2982,32,679,19,4,195,19,4,195,0.1135416666666666,3061,36,658,3061,36,658,19,10,202,19,10,202,0.1203125,3022,28,683,3022,28,683,16,3,201,16,3,201,0.1145833333333333,3030,27,677,3030,27,677,12,10,200,12,10,200,0.115625,3072,29,585,3072,29,585,20,4,182,20,4,182,0.1072916666666666,3072,25,669,3072,25,669,17,7,173,17,7,173,0.1026041666666666,3186,17,700,3186,17,700,15,12,195,15,12,195,0.115625,2978,37,612,2978,37,612,13,11,169,13,11,169,0.1005208333333333,3076,31,670,3076,31,670,19,3,174,19,3,174,0.1020833333333333,3019,37,726,3019,37,726,13,4,203,13,4,203,0.1145833333333333,3088,24,664,3088,24,664,17,7,199,17,7,199,0.1161458333333333,3016,31,637,3016,31,637,12,2,191,12,2,191,0.1067708333333333,2993,27,665,2993,27,665,18,10,192,18,10,192,0.1145833333333333,2963,23,648,2963,23,648,19,6,225,19,6,225,0.1302083333333333,28.8,670.9666666666667,3047.633333333333,6.666666666666667,189.16666666666666,15.8,28.8,670.9666666666667,3047.633333333333,6.666666666666667,189.16666666666666,15.8
quasi_dom,3486,62,663,3467,81,663,16,5,172,15,6,172,0.1005208333333333,3478,66,718,3463,81,718,16,2,185,14,4,185,0.1057291666666666,3516,66,646,3492,90,646,13,4,175,13,4,175,0.1,3470,81,703,3440,111,703,11,1,189,10,2,189,0.1046875,3557,79,666,3535,101,666,21,3,206,18,6,206,0.1197916666666666,3475,77,659,3444,108,659,18,2,182,18,2,182,0.1052083333333333,3375,103,641,3383,95,641,18,3,203,16,5,203,0.1166666666666666,3554,75,668,3523,106,668,9,1,183,10,0,183,0.1005208333333333,3575,76,716,3549,102,716,12,1,203,12,1,203,0.1125,3456,64,638,3439,81,638,20,3,197,20,3,197,0.1145833333333333,3446,70,646,3423,93,646,14,3,174,14,3,174,0.0994791666666666,3475,95,706,3487,83,706,20,4,192,18,6,192,0.1125,3482,79,694,3458,103,694,10,1,173,9,2,173,0.0958333333333333,3483,86,689,3456,113,689,22,3,178,24,1,178,0.1057291666666666,3534,65,679,3495,104,679,20,6,170,21,5,170,0.1020833333333333,3365,58,660,3348,75,660,17,7,179,18,6,179,0.1057291666666666,3419,78,670,3420,77,670,16,3,178,16,3,178,0.1026041666666666,3458,71,663,3421,108,663,10,1,188,10,1,188,0.1036458333333333,3581,64,640,3545,100,640,9,4,189,10,3,189,0.1052083333333333,3467,58,670,3428,97,670,17,4,188,17,4,188,0.1088541666666666,3492,70,614,3472,90,614,18,0,181,18,0,181,0.1036458333333333,3580,62,659,3549,93,659,15,2,178,14,3,178,0.1015625,3529,69,663,3508,90,663,14,4,175,12,6,175,0.1005208333333333,3508,79,720,3513,74,720,20,3,180,19,4,180,0.1057291666666666,3446,65,629,3416,95,629,19,8,184,21,6,184,0.1098958333333333,3496,88,681,3475,109,681,13,1,177,13,1,177,0.0994791666666666,3523,92,664,3528,87,664,14,2,208,14,2,208,0.1166666666666666,3458,77,623,3435,100,623,17,4,192,17,4,192,0.1109375,3587,85,698,3573,99,698,10,1,173,11,0,173,0.0958333333333333,3481,67,639,3447,101,639,24,0,197,24,0,197,0.1151041666666666,94.9,667.5,3471.0666666666666,3.1,184.96666666666667,15.533333333333333,74.23333333333333,667.5,3491.733333333333,2.8666666666666667,184.96666666666667,15.766666666666667
quasi_env2,2955,162,645,2979,138,645,12,2420,213,528,1904,213,1.3776041666666667,2939,167,667,2949,157,667,17,2818,197,526,2309,197,1.5791666666666666,3051,161,638,3063,149,638,22,2032,200,447,1607,200,1.1739583333333334,2996,161,662,3026,131,662,18,2481,187,501,1998,187,1.3989583333333333,3118,155,671,3166,107,671,23,2048,198,407,1664,198,1.1817708333333334,3045,153,653,3053,145,653,17,2140,192,435,1722,192,1.2234375,3143,159,705,3162,140,705,21,2043,177,395,1669,177,1.1671875,3065,154,640,3072,147,640,25,2219,188,474,1770,188,1.2666666666666666,3027,159,664,3045,141,664,19,2345,178,443,1921,178,1.3239583333333331,3184,192,654,3224,152,654,22,1954,192,449,1527,192,1.1291666666666669,3096,145,661,3110,131,661,17,1877,166,390,1504,166,1.0729166666666667,2974,147,633,2994,127,633,11,2469,201,456,2024,201,1.3963541666666666,3064,186,646,3126,124,646,23,2291,186,475,1839,186,1.3020833333333333,2943,170,639,2955,158,639,16,2176,189,457,1735,189,1.2401041666666666,3070,143,673,3115,98,673,23,1974,171,403,1594,171,1.1291666666666669,2902,146,630,2915,133,630,15,2503,206,473,2045,206,1.41875,3064,157,665,3070,151,665,15,2039,174,401,1653,174,1.1604166666666669,2979,173,618,3019,133,618,14,2471,191,431,2054,191,1.39375,2998,158,652,3044,112,652,15,2242,191,534,1723,191,1.275,3009,161,658,3017,153,658,17,2356,221,512,1861,221,1.3510416666666667,3119,158,663,3180,97,663,20,2069,215,466,1623,215,1.2,2954,146,638,2990,110,638,17,1958,180,403,1572,180,1.1223958333333333,3004,168,639,3044,128,639,19,2465,201,509,1975,201,1.3984375,3001,163,652,3051,113,652,22,2422,200,450,1994,200,1.3770833333333334,3209,154,640,3228,135,640,30,1661,207,353,1338,207,0.9885416666666668,2891,142,599,2910,123,599,12,2365,189,465,1912,189,1.3364583333333333,3008,158,670,3041,125,670,16,2211,180,502,1725,180,1.2536458333333331,3032,153,628,3065,120,628,16,1827,184,374,1469,184,1.0557291666666666,3101,177,668,3116,162,668,18,1887,180,384,1521,180,1.0859375,2918,163,649,2944,137,649,14,2431,169,438,2007,169,1.3614583333333334,132.56666666666666,650.6666666666666,3055.766666666667,1775.3,190.76666666666668,449.3666666666667,159.7,650.6666666666666,3028.633333333333,2206.4666666666667,190.76666666666668,18.2
quasi_env5,3042,92,669,3046,88,669,24,484,211,161,347,211,0.3744791666666666,2918,86,654,2928,76,654,14,480,187,139,355,187,0.3546875,2903,92,655,2916,79,655,15,524,181,152,387,181,0.375,3015,99,705,3018,96,705,18,466,209,135,349,209,0.3609375,2985,114,665,2999,100,665,18,463,204,141,340,204,0.3567708333333333,3088,103,658,3093,98,658,11,447,196,152,306,196,0.340625,3092,81,675,3097,76,675,24,503,196,168,359,196,0.3765625,3083,92,662,3095,80,662,15,498,221,159,354,221,0.3822916666666666,3198,103,653,3197,104,653,15,363,184,128,250,184,0.2927083333333333,3072,86,702,3075,83,702,25,431,175,148,308,175,0.3286458333333333,3230,94,684,3236,88,684,21,347,170,121,247,170,0.2802083333333333,3017,90,683,3026,81,683,17,438,175,133,322,175,0.328125,3129,100,657,3134,95,657,16,410,196,122,304,196,0.3239583333333333,3057,81,685,3051,87,685,20,431,175,144,307,175,0.3260416666666667,2860,122,648,2888,94,648,12,508,190,151,369,190,0.3697916666666667,3116,107,713,3107,116,713,23,418,197,127,314,197,0.3322916666666666,3018,81,687,3010,89,687,15,501,192,144,372,192,0.36875,3026,104,658,3041,89,658,19,490,213,160,349,213,0.3760416666666666,3092,80,644,3094,78,644,21,443,204,139,325,204,0.3479166666666666,3139,102,650,3141,100,650,13,431,189,134,310,189,0.3296875,2974,92,641,2985,81,641,15,481,167,149,347,167,0.3453125,3154,92,660,3166,80,660,18,436,188,141,313,188,0.334375,2937,92,640,2940,89,640,17,468,228,153,332,228,0.3713541666666666,3032,82,672,3028,86,672,12,550,195,178,384,195,0.3942708333333333,3171,82,650,3170,83,650,19,394,209,132,281,209,0.3239583333333333,3036,78,658,3030,84,658,10,418,200,133,295,200,0.3270833333333333,3078,95,718,3086,87,718,12,467,173,134,345,173,0.3395833333333333,3185,77,672,3174,88,672,17,495,198,147,365,198,0.3697916666666667,2934,87,690,2933,88,690,19,481,184,170,330,184,0.35625,3015,70,704,3026,59,704,21,426,187,155,292,187,0.3302083333333333,87.4,670.4,3057.6666666666665,328.6,193.13333333333333,145.0,91.86666666666666,670.4,3053.2,456.4,193.13333333333333,17.2
quasi_env10,3141,73,646,3135,79,646,20,82,187,42,60,187,0.1505208333333333,3195,72,669,3180,87,669,13,68,198,34,47,198,0.1453125,3052,79,684,3041,90,684,15,97,206,41,71,206,0.165625,2942,75,687,2936,81,687,18,78,184,38,58,184,0.1458333333333333,3058,83,687,3053,88,687,10,88,205,37,61,205,0.1578125,3209,84,630,3207,86,630,20,105,191,54,71,191,0.1645833333333333,3090,56,674,3078,68,674,17,80,177,46,51,177,0.1427083333333333,3051,65,685,3031,85,685,11,98,187,43,66,187,0.1541666666666666,3076,81,694,3069,88,694,14,95,182,49,60,182,0.1515625,3060,75,667,3055,80,667,11,87,175,40,58,175,0.1421875,3025,80,663,3025,80,663,21,100,188,52,69,188,0.1609375,3077,56,656,3069,64,656,17,96,192,47,66,192,0.1588541666666666,2888,64,682,2875,77,682,12,105,186,39,78,186,0.1578125,3103,75,669,3092,86,669,17,91,200,50,58,200,0.1604166666666666,3066,63,666,3052,77,666,8,85,189,41,52,189,0.146875,3052,69,702,3057,64,702,19,86,184,53,52,184,0.1505208333333333,3063,69,676,3054,78,676,19,68,195,37,50,195,0.146875,3085,68,657,3075,78,657,16,108,186,52,72,186,0.1614583333333333,2975,69,689,2966,78,689,22,86,192,53,55,192,0.15625,2993,60,676,2986,67,676,15,114,214,56,73,214,0.1786458333333333,3062,64,661,3067,59,661,15,75,180,36,54,180,0.140625,3055,71,667,3044,82,667,15,82,186,43,54,186,0.1473958333333333,3058,58,648,3054,62,648,10,87,179,34,63,179,0.14375,3110,63,671,3107,66,671,10,101,190,46,65,190,0.1567708333333333,3020,70,654,3020,70,654,18,73,205,39,52,205,0.1541666666666666,3014,59,664,3004,69,664,12,91,193,50,53,193,0.1541666666666666,3140,72,680,3121,91,680,10,80,197,45,45,197,0.1494791666666666,2954,72,663,2946,80,663,22,86,171,51,57,171,0.1453125,2984,63,656,2967,80,656,24,73,182,45,52,182,0.1453125,3040,72,656,3026,86,656,16,92,215,43,65,215,0.1682291666666666,77.53333333333333,669.3,3046.4,59.6,190.53333333333333,44.53333333333333,69.33333333333333,669.3,3054.6,88.56666666666666,190.53333333333333,15.566666666666666
quasi_env20,3198,58,712,3176,80,712,22,8,199,22,8,199,0.1192708333333333,2939,79,663,2939,79,663,12,7,188,15,4,188,0.1078125,3075,64,647,3070,69,647,16,9,203,18,7,203,0.11875,3112,65,668,3103,74,668,7,6,198,7,6,198,0.1098958333333333,3065,89,664,3063,91,664,12,12,182,18,6,182,0.1072916666666666,3047,73,677,3036,84,677,20,5,213,20,5,213,0.1239583333333333,3090,70,678,3085,75,678,19,9,183,23,5,183,0.1098958333333333,3036,62,663,3029,69,663,10,12,193,12,10,193,0.1119791666666666,3083,53,690,3069,67,690,16,11,182,18,9,182,0.1088541666666666,3024,64,634,3007,81,634,10,11,176,13,8,176,0.1026041666666666,3066,64,649,3070,60,649,21,7,170,24,4,170,0.103125,3051,76,704,3042,85,704,13,10,172,19,4,172,0.1015625,3023,72,694,3020,75,694,16,12,189,22,6,189,0.1130208333333333,3009,58,658,3015,52,658,11,7,193,13,5,193,0.1098958333333333,2927,74,682,2916,85,682,16,16,226,19,13,226,0.134375,3037,69,654,3024,82,654,20,20,179,25,15,179,0.1140625,3001,67,743,3001,67,743,18,5,195,18,5,195,0.1135416666666666,3140,60,690,3128,72,690,14,8,175,17,5,175,0.1026041666666666,2969,52,682,2959,62,682,14,11,187,20,5,187,0.1104166666666666,3190,78,668,3185,83,668,11,12,190,17,6,190,0.1109375,3131,53,710,3120,64,710,15,7,174,15,7,174,0.1020833333333333,3087,53,663,3075,65,663,16,9,200,18,7,200,0.1171875,2960,45,649,2936,69,649,12,10,176,12,10,176,0.103125,3028,71,672,3030,69,672,12,7,175,15,4,175,0.1010416666666666,2932,81,671,2932,81,671,11,16,190,16,11,190,0.1130208333333333,2891,49,656,2881,59,656,18,11,164,23,6,164,0.1005208333333333,2991,53,646,2976,68,646,21,15,222,24,12,222,0.134375,3038,81,740,3032,87,740,16,9,186,21,4,186,0.1098958333333333,2975,48,661,2962,61,661,15,8,157,14,9,157,0.09375,3001,84,671,3004,81,671,24,8,168,25,7,168,0.1041666666666666,73.2,675.3,3029.5,7.1,186.83333333333334,18.1,65.5,675.3,3037.2,9.933333333333334,186.83333333333334,15.266666666666667
quasi_int2,3059,18,694,3009,68,694,21,0,184,21,0,184,0.1067708333333333,3096,10,744,3063,43,744,22,0,183,22,0,183,0.1067708333333333,3034,13,695,2990,57,695,14,0,187,12,2,187,0.1046875,3125,20,678,3085,60,678,13,0,190,12,1,190,0.1057291666666666,3074,21,735,3018,77,735,24,0,205,24,0,205,0.1192708333333333,3060,18,656,2998,80,656,14,0,182,14,0,182,0.1020833333333333,3106,24,672,3061,69,672,23,0,175,23,0,175,0.103125,2986,12,718,2928,70,718,11,0,204,11,0,204,0.1119791666666666,2961,23,704,2916,68,704,14,0,164,12,2,164,0.0927083333333333,3116,21,699,3075,62,699,16,0,180,16,0,180,0.1020833333333333,3092,19,702,3031,80,702,13,0,189,13,0,189,0.1052083333333333,3094,18,695,3052,60,695,21,0,184,19,2,184,0.1067708333333333,3152,27,685,3120,59,685,14,0,185,14,0,185,0.1036458333333333,3028,11,694,2974,65,694,17,0,198,16,1,198,0.1119791666666666,3081,23,618,3030,74,618,17,0,196,17,0,196,0.1109375,2960,22,676,2910,72,676,12,0,197,12,0,197,0.1088541666666666,3042,24,612,2987,79,612,13,0,190,13,0,190,0.1057291666666666,3124,24,690,3087,61,690,15,0,201,15,0,201,0.1125,3029,25,678,2980,74,678,12,0,174,12,0,174,0.096875,3013,16,681,2974,55,681,7,0,193,7,0,193,0.1041666666666666,3064,18,718,3035,47,718,16,0,172,15,1,172,0.0979166666666666,2964,26,709,2942,48,709,9,0,207,9,0,207,0.1125,3004,26,677,2968,62,677,7,0,188,6,1,188,0.1015625,3028,24,686,2986,66,686,13,0,201,13,0,201,0.1114583333333333,3048,13,672,3000,61,672,13,0,166,13,0,166,0.0932291666666666,3085,17,673,3040,62,673,10,0,171,10,0,171,0.0942708333333333,3112,15,696,3055,72,696,15,0,203,15,0,203,0.1135416666666666,3031,21,675,2988,64,675,23,0,203,22,1,203,0.1177083333333333,3024,28,638,2991,61,638,19,0,168,18,1,168,0.0973958333333333,3020,18,643,2976,62,643,11,0,184,11,0,184,0.1015625,64.6,683.7666666666667,3008.9666666666667,0.4,187.46666666666667,14.566666666666666,19.833333333333332,683.7666666666667,3053.733333333333,0.0,187.46666666666667,14.966666666666667
quasi_int25,3066,43,675,3049,60,675,11,0,200,11,0,200,0.1098958333333333,3047,36,681,3029,54,681,13,0,198,13,0,198,0.1098958333333333,3112,69,662,3101,80,662,10,0,167,10,0,167,0.0921875,3046,53,665,3037,62,665,16,0,212,16,0,212,0.11875,3185,58,662,3166,77,662,13,0,196,11,2,196,0.1088541666666666,3029,41,660,3001,69,660,21,0,208,19,2,208,0.1192708333333333,3006,45,690,2999,52,690,18,0,176,17,1,176,0.1010416666666666,3095,53,689,3085,63,689,18,0,194,18,0,194,0.1104166666666666,2932,48,722,2908,72,722,15,0,200,15,0,200,0.1119791666666666,3072,47,687,3059,60,687,11,0,184,11,0,184,0.1015625,3070,39,637,3043,66,637,12,0,198,11,1,198,0.109375,2995,48,683,2979,64,683,16,0,176,16,0,176,0.1,3129,63,702,3116,76,702,12,0,184,12,0,184,0.1020833333333333,2975,50,681,2963,62,681,14,0,180,14,0,180,0.1010416666666666,3056,49,666,3039,66,666,11,0,205,10,1,205,0.1125,3051,50,687,3029,72,687,14,0,181,14,0,181,0.1015625,3061,68,697,3041,88,697,10,1,205,11,0,205,0.1125,3076,44,642,3055,65,642,18,0,204,17,1,204,0.115625,3095,56,681,3069,82,681,19,0,188,19,0,188,0.1078125,3011,56,670,3014,53,670,12,0,203,12,0,203,0.1119791666666666,3030,58,656,3027,61,656,21,0,194,19,2,194,0.1119791666666666,3158,64,685,3162,60,685,11,0,208,10,1,208,0.1140625,3089,55,703,3072,72,703,16,0,187,16,0,187,0.1057291666666666,3029,55,674,3014,70,674,11,0,189,11,0,189,0.1041666666666666,3013,61,679,3001,73,679,18,0,183,17,1,183,0.1046875,3048,46,685,3021,73,685,19,0,202,18,1,202,0.1151041666666666,3026,51,710,3008,69,710,10,0,187,9,1,187,0.1026041666666666,2995,54,662,2974,75,662,15,0,181,15,0,181,0.1020833333333333,3080,55,635,3069,66,635,15,0,229,14,1,229,0.1270833333333333,2931,66,696,2909,88,696,16,0,204,16,0,204,0.1145833333333333,68.33333333333333,677.4666666666667,3034.633333333333,0.5,194.1,14.066666666666666,52.7,677.4666666666667,3050.266666666667,0.03333333333333333,194.1,14.533333333333333
quasi_int100,3031,64,695,3028,67,695,14,51,167,25,40,167,0.1208333333333333,2969,93,682,2982,80,682,18,31,207,24,25,207,0.1333333333333333,2979,60,674,2972,67,674,13,28,213,19,22,213,0.1322916666666666,3093,61,666,3092,62,666,21,62,185,36,47,185,0.1395833333333333,3045,82,677,3050,77,677,14,50,190,23,41,190,0.1322916666666666,3089,87,613,3083,93,613,18,52,184,30,40,184,0.1322916666666666,2896,94,660,2901,89,660,16,52,197,29,39,197,0.1380208333333333,3045,74,656,3048,71,656,14,35,186,26,23,186,0.1223958333333333,3071,76,685,3078,69,685,14,38,211,22,30,211,0.1369791666666666,3138,75,692,3143,70,692,19,60,200,32,47,200,0.1453125,3017,75,683,3016,76,683,20,42,179,32,30,179,0.1255208333333333,3043,82,733,3052,73,733,23,33,203,29,27,203,0.1348958333333333,2918,57,713,2919,56,713,12,52,205,27,37,205,0.1401041666666666,2947,91,644,2951,87,644,16,33,166,23,26,166,0.1119791666666666,3109,102,697,3117,94,697,18,34,197,20,32,197,0.1296875,3104,66,656,3097,73,656,21,51,186,32,40,186,0.134375,3113,65,677,3122,56,677,12,59,195,24,47,195,0.1385416666666666,3080,90,657,3093,77,657,12,95,196,33,74,196,0.1578125,2999,94,707,2997,96,707,15,46,194,25,36,194,0.1328125,3121,68,628,3101,88,628,19,37,199,24,32,199,0.1328125,3152,71,672,3149,74,672,12,57,210,23,46,210,0.1453125,3070,60,705,3065,65,705,20,45,221,26,39,221,0.1489583333333333,3115,79,657,3122,72,657,13,40,188,19,34,188,0.1255208333333333,2990,76,638,2995,71,638,21,41,168,36,26,168,0.1197916666666666,3082,76,678,3088,70,678,18,71,167,36,53,167,0.1333333333333333,2894,75,681,2893,76,681,16,49,209,26,39,209,0.1427083333333333,2985,75,671,2984,76,671,13,47,171,27,33,171,0.1203125,3054,70,695,3050,74,695,12,57,187,24,45,187,0.1333333333333333,3112,93,705,3105,100,705,25,53,194,39,39,194,0.1416666666666666,3114,84,674,3119,79,674,15,43,202,26,32,202,0.1354166666666666,75.93333333333334,675.7,3047.0666666666666,37.36666666666667,192.56666666666666,27.233333333333334,77.16666666666667,675.7,3045.8333333333335,48.13333333333333,192.56666666666666,16.466666666666665
quasi_int200,3151,90,661,3146,95,661,19,263,189,56,226,189,0.2453125,2974,77,679,2980,71,679,14,243,193,60,197,193,0.234375,2950,118,666,2979,89,666,20,245,197,65,200,197,0.240625,3096,99,668,3104,91,668,12,272,202,48,236,202,0.253125,2998,101,670,2995,104,670,7,288,225,44,251,225,0.2708333333333333,2986,99,668,3009,76,668,16,310,192,59,267,192,0.2697916666666666,3007,82,668,3015,74,668,20,260,199,73,207,199,0.2494791666666666,3069,78,722,3066,81,722,14,279,221,56,237,221,0.2677083333333333,2911,95,685,2928,78,685,23,232,172,60,195,172,0.2223958333333333,3067,90,668,3068,89,668,15,330,171,62,283,171,0.26875,3027,94,687,3050,71,687,9,246,186,59,196,186,0.2296875,2983,106,690,3001,88,690,20,305,202,67,258,202,0.2744791666666666,3151,114,621,3149,116,621,12,325,183,57,280,183,0.2708333333333333,2831,101,686,2833,99,686,14,201,212,52,163,212,0.2223958333333333,3053,94,653,3059,88,653,13,283,178,60,236,178,0.246875,2985,77,671,2996,66,671,16,312,182,60,268,182,0.265625,2957,95,699,2977,75,699,19,260,196,73,206,196,0.2473958333333333,3211,73,691,3205,79,691,12,323,181,55,280,181,0.26875,2996,88,666,3012,72,666,14,292,188,56,250,188,0.2572916666666666,3009,110,687,3020,99,687,11,241,170,46,206,170,0.2197916666666666,2981,88,695,2996,73,695,19,250,173,50,219,173,0.2302083333333333,3075,87,638,3106,56,638,16,330,175,69,277,175,0.2713541666666667,2885,124,668,2917,92,668,25,316,189,75,266,189,0.2760416666666667,3140,140,664,3182,98,664,19,238,160,51,206,160,0.2171875,3060,89,667,3060,89,667,20,319,205,70,269,205,0.2833333333333333,2983,99,611,2997,85,611,22,355,191,71,306,191,0.2958333333333333,3146,97,704,3168,75,704,14,237,193,46,205,193,0.23125,3165,87,688,3184,68,688,15,238,197,50,203,197,0.234375,2922,97,656,2937,82,656,11,268,187,62,217,187,0.2427083333333333,2931,111,675,2969,73,675,15,307,189,64,258,189,0.2661458333333333,83.06666666666666,672.4,3036.9333333333334,235.6,189.93333333333334,59.2,96.66666666666667,672.4,3023.3333333333335,278.93333333333334,189.93333333333334,15.866666666666667
quasi_pop500,156,0,28,156,0,28,263,0,202,252,11,202,0.2421875,147,2,20,147,2,20,269,9,201,263,15,201,0.2494791666666666,139,3,30,139,3,30,277,7,179,275,9,179,0.2411458333333333,156,6,30,156,6,30,310,4,199,305,9,199,0.2671875,150,2,31,150,2,31,244,7,187,237,14,187,0.228125,144,1,25,141,4,25,282,9,167,278,13,167,0.2385416666666666,142,3,31,140,5,31,251,7,200,243,15,200,0.2385416666666666,178,4,23,178,4,23,245,3,194,241,7,194,0.2302083333333333,161,0,18,160,1,18,267,3,198,258,12,198,0.24375,145,3,23,144,4,23,273,7,195,269,11,195,0.2473958333333333,143,0,30,143,0,30,278,5,199,270,13,199,0.2510416666666666,149,8,22,149,8,22,246,4,191,243,7,191,0.2296875,151,2,26,152,1,26,248,4,198,239,13,198,0.234375,158,5,24,158,5,24,267,3,193,265,5,193,0.2411458333333333,169,5,30,168,6,30,271,3,190,261,13,190,0.2416666666666666,154,5,18,153,6,18,270,9,218,268,11,218,0.2588541666666666,146,3,23,146,3,23,278,3,171,273,8,171,0.2354166666666666,150,4,21,148,6,21,281,3,200,273,11,200,0.2520833333333333,163,2,21,162,3,21,252,3,208,250,5,208,0.2411458333333333,158,2,22,158,2,22,272,3,197,263,12,197,0.2458333333333333,161,2,28,159,4,28,274,3,210,263,14,210,0.2536458333333333,147,7,24,148,6,24,282,8,163,273,17,163,0.2359375,162,5,30,163,4,30,278,8,182,272,14,182,0.24375,144,2,26,144,2,26,256,4,193,253,7,193,0.2359375,165,4,25,165,4,25,231,3,212,221,13,212,0.2322916666666666,151,3,18,151,3,18,266,11,210,261,16,210,0.2536458333333333,145,5,27,145,5,27,272,7,166,260,19,166,0.2317708333333333,150,5,24,151,4,24,266,2,188,262,6,188,0.2375,152,3,23,153,2,23,250,7,202,242,15,202,0.2390625,178,1,25,179,0,25,241,5,210,237,9,210,0.2375,3.5,24.866666666666667,153.53333333333333,11.466666666666667,194.1,259.0,3.2333333333333334,24.866666666666667,153.8,5.133333333333334,194.1,265.3333333333333
quasi_pop1000,336,4,51,333,7,51,149,2,207,143,8,207,0.1864583333333333,297,5,62,294,8,62,137,2,182,133,6,182,0.1671875,348,4,50,345,7,50,122,1,190,117,6,190,0.1630208333333333,263,8,56,264,7,56,142,1,175,136,7,175,0.165625,317,10,49,319,8,49,118,3,193,115,6,193,0.1635416666666666,294,7,49,299,2,49,144,2,194,141,5,194,0.1770833333333333,327,5,50,325,7,50,147,7,200,144,10,200,0.184375,302,9,45,300,11,45,134,1,189,129,6,189,0.16875,300,5,50,298,7,50,161,4,211,154,11,211,0.1958333333333333,297,5,50,296,6,50,143,2,192,140,5,192,0.1755208333333333,303,7,73,305,5,73,151,1,191,147,5,191,0.1786458333333333,309,6,46,305,10,46,118,5,197,112,11,197,0.1666666666666666,307,9,41,306,10,41,155,6,186,153,8,186,0.1807291666666666,309,8,51,311,6,51,138,1,189,134,5,189,0.1708333333333333,317,8,63,317,8,63,134,5,217,130,9,217,0.1854166666666666,294,6,49,293,7,49,149,1,196,143,7,196,0.1802083333333333,293,6,57,293,6,57,139,3,182,137,5,182,0.16875,323,5,54,321,7,54,158,3,188,154,7,188,0.1817708333333333,326,10,54,326,10,54,126,2,177,121,7,177,0.1588541666666666,312,8,54,311,9,54,144,5,194,140,9,194,0.1786458333333333,289,7,50,289,7,50,158,2,200,155,5,200,0.1875,349,6,59,346,9,59,123,8,194,124,7,194,0.1692708333333333,315,7,55,314,8,55,149,7,164,150,6,164,0.1666666666666666,313,10,49,311,12,49,135,2,171,134,3,171,0.1604166666666666,309,7,52,306,10,52,151,2,194,144,9,194,0.1807291666666666,293,7,52,291,9,52,135,6,199,132,9,199,0.1770833333333333,273,5,57,273,5,57,145,6,182,142,9,182,0.1734375,349,4,51,345,8,51,146,5,188,143,8,188,0.1765625,311,10,56,310,11,56,133,6,174,130,9,174,0.1630208333333333,279,9,59,278,10,59,146,5,178,144,7,178,0.1713541666666666,7.9,53.13333333333333,307.46666666666664,7.166666666666667,189.8,137.36666666666667,6.9,53.13333333333333,308.46666666666664,3.533333333333333,189.8,141.0
quasi_pop5000,1497,30,321,1491,36,321,32,2,178,32,2,178,0.1104166666666666,1486,36,324,1488,34,324,21,4,178,24,1,178,0.1057291666666666,1526,21,329,1514,33,329,32,1,186,30,3,186,0.1140625,1550,24,333,1549,25,333,33,2,213,32,3,213,0.1291666666666666,1495,28,309,1488,35,309,32,3,206,33,2,206,0.1255208333333333,1546,23,335,1537,32,335,32,5,161,32,5,161,0.103125,1483,27,276,1482,28,276,31,2,189,32,1,189,0.115625,1439,27,300,1429,37,300,23,0,185,23,0,185,0.1083333333333333,1519,49,301,1511,57,301,17,1,217,17,1,217,0.1223958333333333,1571,28,352,1567,32,352,37,2,187,37,2,187,0.1177083333333333,1568,24,324,1563,29,324,26,2,206,25,3,206,0.121875,1498,37,315,1505,30,315,22,2,184,22,2,184,0.1083333333333333,1585,28,317,1581,32,317,22,2,187,21,3,187,0.1098958333333333,1433,41,305,1430,44,305,36,2,180,34,4,180,0.1135416666666666,1598,34,342,1598,34,342,29,1,206,30,0,206,0.1229166666666666,1537,26,251,1531,32,251,24,3,179,24,3,179,0.1072916666666666,1478,41,327,1476,43,327,25,3,174,25,3,174,0.1052083333333333,1522,25,351,1510,37,351,31,1,204,31,1,204,0.1229166666666666,1509,35,291,1508,36,291,26,2,190,25,3,190,0.1135416666666666,1557,39,324,1552,44,324,26,4,184,26,4,184,0.1114583333333333,1477,40,310,1479,38,310,25,1,178,26,0,178,0.10625,1598,25,304,1593,30,304,35,4,169,33,6,169,0.1083333333333333,1471,21,316,1464,28,316,26,3,179,26,3,179,0.1083333333333333,1478,36,331,1473,41,331,32,2,200,34,0,200,0.121875,1467,25,337,1442,50,337,32,5,181,33,4,181,0.1135416666666666,1546,38,324,1542,42,324,31,1,202,31,1,202,0.121875,1432,31,313,1429,34,313,38,2,163,38,2,163,0.1057291666666666,1471,34,322,1473,32,322,42,5,198,45,2,198,0.1276041666666666,1509,34,317,1506,37,317,31,3,195,32,2,195,0.1192708333333333,1526,29,316,1520,35,316,33,0,190,32,1,190,0.1161458333333333,35.9,317.23333333333335,1507.7,2.2333333333333334,188.3,29.5,31.2,317.23333333333335,1512.4,2.3333333333333335,188.3,29.4
quasi_pop10000,3011,58,680,2998,71,680,14,1,192,14,1,192,0.1078125,3067,62,675,3054,75,675,17,3,170,18,2,170,0.0989583333333333,3019,43,626,3012,50,626,21,6,169,23,4,169,0.1020833333333333,3069,63,698,3064,68,698,12,3,211,13,2,211,0.1177083333333333,3080,65,703,3067,78,703,16,5,164,17,4,164,0.0963541666666666,3047,67,728,3041,73,728,28,5,174,30,3,174,0.1078125,3079,74,730,3060,93,730,14,1,219,12,3,219,0.121875,3068,60,684,3056,72,684,13,4,196,15,2,196,0.1109375,2989,66,660,2983,72,660,12,0,169,12,0,169,0.0942708333333333,3114,48,676,3103,59,676,12,2,201,13,1,201,0.1119791666666666,2990,55,725,2971,74,725,20,4,189,19,5,189,0.1109375,3057,62,660,3048,71,660,20,3,176,21,2,176,0.1036458333333333,3107,80,668,3099,88,668,15,9,202,18,6,202,0.1177083333333333,2916,80,700,2922,74,700,17,1,196,18,0,196,0.1114583333333333,2990,67,693,2983,74,693,21,4,182,23,2,182,0.1078125,3077,87,681,3080,84,681,11,4,194,14,1,194,0.1088541666666666,3049,51,676,3034,66,676,17,1,206,17,1,206,0.1166666666666666,3109,74,695,3111,72,695,17,7,177,18,6,177,0.1046875,3033,59,664,3025,67,664,16,5,178,17,4,178,0.1036458333333333,3028,56,655,3021,63,655,13,2,189,13,2,189,0.10625,2970,60,684,2973,57,684,15,4,214,15,4,214,0.1213541666666666,3012,64,666,3022,54,666,7,3,180,7,3,180,0.0989583333333333,3106,47,640,3096,57,640,12,5,194,14,3,194,0.1098958333333333,3000,53,613,2982,71,613,16,1,194,14,3,194,0.1098958333333333,2950,68,657,2944,74,657,13,2,206,13,2,206,0.1151041666666666,2954,59,723,2942,71,723,22,5,182,22,5,182,0.1088541666666666,3075,71,679,3067,79,679,17,1,166,17,1,166,0.0958333333333333,2995,55,664,2974,76,664,15,3,187,15,3,187,0.1067708333333333,2927,73,670,2924,76,670,23,1,174,23,1,174,0.103125,3031,53,703,3006,78,703,8,3,189,8,3,189,0.1041666666666666,71.23333333333333,679.2,3022.0666666666666,2.6333333333333333,188.0,16.433333333333334,62.666666666666664,679.2,3030.633333333333,3.2666666666666666,188.0,15.8
quasi_pop50000,15380,336,3763,15348,368,3763,2,4,164,4,2,164,0.0885416666666666,15109,283,3873,15076,316,3873,0,7,155,1,6,155,0.084375,15118,351,3876,15127,342,3876,3,13,149,7,9,149,0.0859375,15327,266,3956,15218,375,3956,0,4,178,3,1,178,0.0947916666666666,15412,345,3846,15395,362,3846,1,7,182,4,4,182,0.0989583333333333,15280,312,3838,15247,345,3838,3,2,146,4,1,146,0.0786458333333333,15225,318,3878,15188,355,3878,3,7,150,5,5,150,0.0833333333333333,15286,265,3915,15208,343,3915,2,4,182,2,4,182,0.0979166666666666,15209,280,3863,15153,336,3863,0,3,156,1,2,156,0.0828125,15186,344,3875,15173,357,3875,2,3,155,4,1,155,0.0833333333333333,15404,255,3776,15306,353,3776,3,11,172,6,8,172,0.096875,15168,390,3841,15188,370,3841,2,7,150,4,5,150,0.0828125,15197,331,3833,15183,345,3833,1,4,150,2,3,150,0.0807291666666666,15433,267,3846,15341,359,3846,1,11,178,4,8,178,0.0989583333333333,15377,283,3826,15339,321,3826,1,7,149,2,6,149,0.0817708333333333,14995,286,3812,14975,306,3812,2,2,172,2,2,172,0.0916666666666666,15303,300,3897,15274,329,3897,1,8,160,5,4,160,0.0880208333333333,14996,381,3849,15017,360,3849,1,6,145,4,3,145,0.0791666666666666,15005,283,3745,14967,321,3745,3,4,179,3,4,179,0.096875,15178,309,3953,15138,349,3953,5,2,169,5,2,169,0.0916666666666666,15363,288,3831,15320,331,3831,2,9,169,3,8,169,0.09375,15322,314,3848,15306,330,3848,4,5,175,6,3,175,0.0958333333333333,15213,299,3865,15167,345,3865,0,6,172,0,6,172,0.0927083333333333,15351,314,3883,15308,357,3883,3,2,156,3,2,156,0.0838541666666666,15190,282,3909,15095,377,3909,2,9,149,5,6,149,0.0833333333333333,14612,349,3883,14635,326,3883,1,8,186,3,6,186,0.1015625,15086,367,3857,15047,406,3857,1,5,184,1,5,184,0.0989583333333333,15532,299,3845,15461,370,3845,1,6,167,2,5,167,0.090625,15016,335,3869,14961,390,3869,5,9,176,7,7,176,0.0989583333333333,15455,266,3904,15395,326,3904,1,2,158,1,2,158,0.0838541666666666,349.0,3858.5,15185.2,4.333333333333333,164.43333333333334,3.433333333333333,309.93333333333334,3858.5,15224.266666666666,5.9,164.43333333333334,1.8666666666666667
quasi_neufrac0.05,3150,38,351,3126,62,351,12,6,83,14,4,83,0.0526041666666666,3238,88,340,3251,75,340,15,4,110,15,4,110,0.0671875,3138,85,326,3131,92,326,18,5,100,20,3,100,0.0640625,3280,76,350,3275,81,350,17,0,94,16,1,94,0.0578125,3195,72,336,3193,74,336,15,2,89,15,2,89,0.0552083333333333,3379,59,335,3366,72,335,13,4,92,14,3,92,0.0567708333333333,3177,56,313,3158,75,313,14,4,87,14,4,87,0.0546875,3182,66,329,3176,72,329,10,6,102,11,5,102,0.0614583333333333,3207,61,335,3205,63,335,20,3,90,22,1,90,0.0588541666666666,3150,60,358,3127,83,358,17,1,99,18,0,99,0.0609375,3149,47,327,3130,66,327,7,2,97,5,4,97,0.0552083333333333,3193,70,347,3202,61,347,19,3,91,18,4,91,0.0588541666666666,3205,77,338,3204,78,338,20,5,95,21,4,95,0.0625,3169,78,339,3162,85,339,13,4,109,15,2,109,0.065625,3290,64,301,3293,61,301,21,5,93,21,5,93,0.0619791666666666,3237,59,344,3218,78,344,25,5,95,26,4,95,0.0651041666666666,3232,79,298,3223,88,298,16,2,80,15,3,80,0.0510416666666666,3138,101,298,3133,106,298,18,6,81,19,5,81,0.0546875,3175,65,346,3167,73,346,15,3,100,16,2,100,0.0614583333333333,3218,65,342,3215,68,342,17,2,75,18,1,75,0.0489583333333333,3192,51,379,3177,66,379,22,3,99,22,3,99,0.0645833333333333,3239,76,299,3223,92,299,14,0,88,14,0,88,0.053125,3260,52,332,3235,77,332,14,2,81,15,1,81,0.0505208333333333,3236,65,344,3225,76,344,16,2,91,16,2,91,0.0567708333333333,3297,50,333,3276,71,333,18,1,83,17,2,83,0.053125,3208,84,328,3208,84,328,19,4,86,17,6,86,0.0567708333333333,3277,71,308,3270,78,308,14,0,105,13,1,105,0.0619791666666666,3174,83,299,3181,76,299,14,1,87,14,1,87,0.053125,3280,60,338,3263,77,338,15,3,74,15,3,74,0.0479166666666666,3268,66,369,3256,78,369,14,0,115,14,0,115,0.0671875,76.26666666666667,332.73333333333335,3208.9666666666667,2.6666666666666665,92.36666666666666,16.333333333333332,67.46666666666667,332.73333333333335,3217.766666666667,2.933333333333333,92.36666666666666,16.066666666666666
quasi_neufrac0.15,2820,52,988,2837,35,988,9,2,302,9,2,302,0.1630208333333333,2801,52,993,2784,69,993,14,2,272,14,2,272,0.15,2856,60,1008,2856,60,1008,16,3,293,14,5,293,0.1625,2824,67,1026,2813,78,1026,8,6,270,10,4,270,0.1479166666666666,2749,49,1027,2741,57,1027,14,2,281,14,2,281,0.1546875,2860,68,1012,2856,72,1012,14,0,291,14,0,291,0.1588541666666666,2793,45,1021,2785,53,1021,17,3,287,16,4,287,0.1598958333333333,2870,63,999,2865,68,999,12,6,298,13,5,298,0.1645833333333333,2832,69,1003,2840,61,1003,19,4,263,20,3,263,0.1489583333333333,2932,56,1048,2926,62,1048,10,6,288,11,5,288,0.1583333333333333,2747,51,1023,2740,58,1023,10,1,302,10,1,302,0.1630208333333333,2810,59,999,2810,59,999,18,5,276,19,4,276,0.1557291666666666,2800,76,1034,2806,70,1034,9,4,293,10,3,293,0.159375,2933,64,997,2933,64,997,12,3,287,12,3,287,0.1572916666666666,2956,51,1006,2943,64,1006,14,1,292,15,0,292,0.1598958333333333,2839,60,1039,2837,62,1039,15,4,274,15,4,274,0.1526041666666666,2907,61,1009,2897,71,1009,17,4,284,20,1,284,0.1588541666666666,2923,76,1030,2931,68,1030,8,3,326,8,3,326,0.1755208333333333,2986,48,968,2977,57,968,21,5,281,22,4,281,0.1598958333333333,2878,73,995,2873,78,995,12,7,291,12,7,291,0.1614583333333333,2988,54,1049,2976,66,1049,7,3,307,7,3,307,0.1651041666666666,2892,59,1006,2888,63,1006,9,3,323,9,3,323,0.1744791666666666,2907,59,1015,2885,81,1015,17,2,244,18,1,244,0.1369791666666666,2852,67,985,2849,70,985,24,4,304,25,3,304,0.1729166666666666,2891,73,989,2891,73,989,7,6,269,8,5,269,0.146875,2886,61,973,2880,67,973,16,1,287,16,1,287,0.1583333333333333,2867,50,1042,2854,63,1042,12,2,298,12,2,298,0.1625,2922,50,919,2905,67,919,8,2,262,8,2,262,0.1416666666666666,2902,52,1021,2886,68,1021,14,3,311,13,4,311,0.1708333333333333,2784,48,988,2767,65,988,4,2,274,5,1,274,0.1458333333333333,64.96666666666667,1007.0666666666667,2861.0333333333333,2.9,287.6666666666667,13.3,59.1,1007.0666666666667,2866.9,3.3,287.6666666666667,12.9
quasi_neufrac0.2,2765,53,1362,2763,55,1362,11,1,384,12,0,384,0.20625,2804,49,1365,2793,60,1365,13,4,351,14,3,351,0.1916666666666666,2658,40,1358,2644,54,1358,13,1,369,13,1,369,0.1994791666666666,2685,72,1386,2697,60,1386,15,7,341,19,3,341,0.1890625,2791,64,1433,2782,73,1433,14,2,382,15,1,382,0.2072916666666666,2668,49,1322,2672,45,1322,18,5,367,17,6,367,0.203125,2681,49,1304,2674,56,1304,23,1,378,23,1,378,0.209375,2708,48,1380,2686,70,1380,10,4,371,9,5,371,0.2005208333333333,2715,47,1339,2710,52,1339,13,2,352,12,3,352,0.1911458333333333,2735,58,1419,2743,50,1419,12,1,413,12,1,413,0.221875,2768,60,1309,2757,71,1309,19,0,371,17,2,371,0.203125,2653,66,1330,2650,69,1330,6,8,384,9,5,384,0.2072916666666666,2748,51,1327,2747,52,1327,12,1,372,13,0,372,0.2005208333333333,2681,51,1323,2669,63,1323,5,3,367,5,3,367,0.1953125,2768,52,1317,2755,65,1317,14,5,390,15,4,390,0.2130208333333333,2836,74,1317,2836,74,1317,16,3,375,15,4,375,0.2052083333333333,2771,45,1329,2762,54,1329,13,1,371,13,1,371,0.2005208333333333,2696,59,1386,2703,52,1386,9,3,380,8,4,380,0.2041666666666666,2667,50,1310,2665,52,1310,13,1,357,12,2,357,0.1932291666666666,2757,55,1372,2743,69,1372,9,1,364,9,1,364,0.1947916666666666,2762,50,1298,2742,70,1298,14,2,355,14,2,355,0.1932291666666666,2689,42,1327,2681,50,1327,20,2,378,20,2,378,0.2083333333333333,2677,58,1324,2662,73,1324,21,4,411,21,4,411,0.2270833333333333,2670,53,1353,2667,56,1353,11,3,384,11,3,384,0.2072916666666666,2711,53,1373,2689,75,1373,23,6,340,24,5,340,0.1921875,2752,57,1400,2740,69,1400,9,3,362,10,2,362,0.1947916666666666,2621,54,1332,2607,68,1332,13,2,390,13,2,390,0.2109375,2750,59,1375,2737,72,1375,14,3,370,15,2,370,0.2015625,2665,69,1335,2660,74,1335,18,3,360,18,3,360,0.1984375,2730,61,1339,2720,71,1339,14,1,396,14,1,396,0.2140625,62.46666666666667,1348.1333333333334,2711.866666666667,2.533333333333333,372.8333333333333,14.066666666666666,54.93333333333333,1348.1333333333334,2719.4,2.7666666666666666,372.8333333333333,13.833333333333334
quasi_neufrac0.25,2465,41,1639,2448,58,1639,12,5,495,14,3,495,0.2666666666666666,2513,41,1710,2503,51,1710,15,3,503,15,3,503,0.2713541666666667,2512,70,1717,2510,72,1717,6,1,466,6,1,466,0.2463541666666666,2489,46,1611,2479,56,1611,8,2,421,10,0,421,0.2244791666666666,2576,49,1639,2565,60,1639,14,3,444,13,4,444,0.2401041666666666,2468,54,1701,2468,54,1701,16,1,463,17,0,463,0.25,2557,48,1641,2541,64,1641,11,4,492,13,2,492,0.2640625,2568,49,1701,2554,63,1701,14,1,475,14,1,475,0.2552083333333333,2488,61,1686,2488,61,1686,15,0,464,15,0,464,0.2494791666666666,2486,54,1699,2478,62,1699,10,0,452,10,0,452,0.240625,2501,61,1663,2499,63,1663,8,0,493,8,0,493,0.2609375,2547,62,1613,2533,76,1613,9,2,434,10,1,434,0.2317708333333333,2374,38,1663,2365,47,1663,8,4,469,9,3,469,0.2505208333333333,2461,50,1673,2453,58,1673,4,0,494,4,0,494,0.259375,2483,63,1693,2492,54,1693,9,5,456,10,4,456,0.2447916666666666,2596,61,1733,2606,51,1733,14,4,496,14,4,496,0.2677083333333333,2451,41,1708,2436,56,1708,11,3,434,11,3,434,0.2333333333333333,2603,51,1699,2594,60,1699,15,3,426,16,2,426,0.23125,2606,50,1778,2591,65,1778,6,0,478,6,0,478,0.2520833333333333,2579,58,1786,2587,50,1786,7,2,497,7,2,497,0.2635416666666667,2522,47,1714,2517,52,1714,12,0,460,11,1,460,0.2458333333333333,2480,55,1681,2475,60,1681,14,6,506,15,5,506,0.2739583333333333,2516,56,1679,2501,71,1679,14,1,504,15,0,504,0.2703125,2494,50,1634,2478,66,1634,13,2,477,14,1,477,0.25625,2482,67,1628,2478,71,1628,15,1,466,15,1,466,0.2510416666666666,2564,58,1688,2556,66,1688,9,1,446,9,1,446,0.2375,2549,62,1667,2539,72,1667,8,0,449,7,1,449,0.2380208333333333,2620,62,1679,2608,74,1679,12,7,460,13,6,460,0.2494791666666666,2445,55,1629,2440,60,1629,19,3,502,18,4,502,0.2729166666666666,2616,46,1661,2609,53,1661,6,5,470,7,4,470,0.2505208333333333,60.86666666666667,1680.4333333333334,2513.0333333333333,1.9,469.73333333333335,11.533333333333333,53.53333333333333,1680.4333333333334,2520.366666666667,2.3,469.73333333333335,11.133333333333333
quasi_lambda2,3064,26,657,3014,76,657,24,0,187,24,0,187,0.1098958333333333,3062,19,672,3021,60,672,20,0,182,20,0,182,0.1052083333333333,3056,27,676,3011,72,676,15,0,211,15,0,211,0.1177083333333333,2989,22,660,2942,69,660,17,0,191,17,0,191,0.1083333333333333,2960,23,717,2918,65,717,18,0,176,18,0,176,0.1010416666666666,3050,21,648,3009,62,648,15,0,187,15,0,187,0.1052083333333333,3021,20,689,2974,67,689,9,0,230,9,0,230,0.1244791666666666,3042,19,638,2997,64,638,15,0,194,14,1,194,0.1088541666666666,2984,33,646,2944,73,646,12,0,177,11,1,177,0.0984375,3104,29,665,3071,62,665,19,0,194,18,1,194,0.1109375,3089,28,731,3050,67,731,19,0,178,19,0,178,0.1026041666666666,3052,23,653,3002,73,653,11,0,194,11,0,194,0.1067708333333333,3051,28,688,3027,52,688,13,0,195,13,0,195,0.1083333333333333,3003,20,716,2964,59,716,13,0,192,13,0,192,0.1067708333333333,3123,27,699,3089,61,699,19,0,198,19,0,198,0.1130208333333333,3081,20,695,3033,68,695,17,0,194,17,0,194,0.1098958333333333,3059,29,698,3015,73,698,12,0,182,12,0,182,0.1010416666666666,3012,20,650,2964,68,650,16,0,192,16,0,192,0.1083333333333333,3163,14,700,3109,68,700,17,0,191,17,0,191,0.1083333333333333,3038,19,678,2987,70,678,16,0,208,16,0,208,0.1166666666666666,3133,29,651,3079,83,651,15,0,182,14,1,182,0.1026041666666666,3026,26,675,2983,69,675,18,0,197,18,0,197,0.1119791666666666,2983,22,680,2942,63,680,22,0,175,20,2,175,0.1026041666666666,2986,25,682,2954,57,682,13,0,157,13,0,157,0.0885416666666666,3016,26,631,2967,75,631,16,0,182,16,0,182,0.103125,3127,32,722,3090,69,722,12,0,202,11,1,202,0.1114583333333333,3038,21,694,2992,67,694,13,0,178,13,0,178,0.0994791666666666,3057,23,705,3005,75,705,11,0,201,11,0,201,0.1104166666666666,2962,24,677,2914,72,677,15,0,182,15,0,182,0.1026041666666666,2988,22,660,2944,66,660,9,0,175,9,0,175,0.0958333333333333,67.5,678.4333333333333,3000.366666666667,0.23333333333333334,189.46666666666667,15.133333333333333,23.9,678.4333333333333,3043.9666666666667,0.0,189.46666666666667,15.366666666666667
quasi_lambda4,3161,35,652,3138,58,652,15,0,174,15,0,174,0.0984375,3022,33,673,2989,66,673,19,0,192,17,2,192,0.1098958333333333,3014,22,676,2981,55,676,14,0,179,14,0,179,0.1005208333333333,3069,25,726,3023,71,726,12,0,190,11,1,190,0.1052083333333333,3049,21,656,3006,64,656,9,0,180,9,0,180,0.0984375,2976,17,691,2928,65,691,10,0,189,10,0,189,0.1036458333333333,3004,20,656,2976,48,656,16,0,196,15,1,196,0.1104166666666666,3151,25,685,3115,61,685,15,0,192,15,0,192,0.1078125,2992,38,685,2947,83,685,17,0,192,17,0,192,0.1088541666666666,3092,24,681,3057,59,681,18,0,186,17,1,186,0.10625,3076,29,670,3046,59,670,10,0,173,10,0,173,0.0953125,3032,21,704,2990,63,704,20,0,206,20,0,206,0.1177083333333333,2974,16,663,2918,72,663,15,0,188,15,0,188,0.1057291666666666,3135,33,685,3108,60,685,19,0,199,17,2,199,0.1135416666666666,3095,26,661,3044,77,661,9,0,210,9,0,210,0.1140625,3030,25,683,3000,55,683,17,0,196,17,0,196,0.1109375,3053,35,678,3014,74,678,24,0,191,23,1,191,0.1119791666666666,3071,32,644,3026,77,644,17,0,168,15,2,168,0.0963541666666666,3057,23,690,3029,51,690,9,0,183,9,0,183,0.1,3126,27,675,3091,62,675,11,0,177,11,0,177,0.0979166666666666,3087,44,701,3050,81,701,16,0,180,14,2,180,0.1020833333333333,3083,26,652,3034,75,652,16,0,185,16,0,185,0.1046875,3058,30,643,2994,94,643,22,0,189,22,0,189,0.1098958333333333,3036,32,645,3012,56,645,8,0,206,8,0,206,0.1114583333333333,3083,25,648,3054,54,648,14,0,180,14,0,180,0.1010416666666666,3080,26,685,3037,69,685,16,0,193,16,0,193,0.1088541666666666,3133,22,660,3088,67,660,10,0,183,9,1,183,0.1005208333333333,3183,19,695,3137,65,695,10,0,187,9,1,187,0.1026041666666666,2929,21,680,2897,53,680,14,0,191,14,0,191,0.1067708333333333,3125,19,708,3077,67,708,10,0,176,10,0,176,0.096875,65.36666666666666,675.0333333333333,3026.866666666667,0.4666666666666667,187.7,13.933333333333334,26.366666666666667,675.0333333333333,3065.866666666667,0.0,187.7,14.4
quasi_lambda6,3023,22,660,2985,60,660,15,0,209,15,0,209,0.1166666666666666,3028,36,705,3004,60,705,19,0,178,18,1,178,0.1026041666666666,3059,27,693,3036,50,693,13,0,177,13,0,177,0.0989583333333333,3006,28,626,2965,69,626,13,0,212,13,0,212,0.1171875,2994,22,667,2955,61,667,21,0,173,21,0,173,0.1010416666666666,3053,40,661,3029,64,661,17,0,189,17,0,189,0.1072916666666666,2965,39,701,2954,50,701,11,0,190,11,0,190,0.1046875,3092,32,649,3053,71,649,21,0,181,20,1,181,0.1052083333333333,3057,38,692,3022,73,692,17,0,196,17,0,196,0.1109375,3050,26,657,3003,73,657,21,0,203,21,0,203,0.1166666666666666,3109,24,682,3074,59,682,20,0,196,19,1,196,0.1125,3051,38,738,3018,71,738,14,0,202,14,0,202,0.1125,3152,35,682,3116,71,682,11,0,194,10,1,194,0.1067708333333333,3128,41,678,3105,64,678,16,0,185,15,1,185,0.1046875,3007,38,658,2986,59,658,15,0,191,15,0,191,0.1072916666666666,3091,28,710,3050,69,710,13,0,185,13,0,185,0.103125,3047,23,674,3013,57,674,14,0,178,14,0,178,0.1,3100,31,667,3065,66,667,12,0,196,12,0,196,0.1083333333333333,3071,24,707,3049,46,707,22,0,184,22,0,184,0.1072916666666666,3111,28,722,3073,66,722,11,0,180,10,1,180,0.0994791666666666,3027,33,685,2990,70,685,13,0,184,13,0,184,0.1026041666666666,3163,26,709,3126,63,709,21,0,189,21,0,189,0.109375,3083,26,669,3032,77,669,9,0,192,9,0,192,0.1046875,3130,20,658,3084,66,658,13,0,191,13,0,191,0.10625,3078,30,689,3040,68,689,18,0,209,18,0,209,0.1182291666666666,3057,32,684,3020,69,684,17,0,198,16,1,198,0.1119791666666666,3001,21,707,2967,55,707,20,0,212,20,0,212,0.1208333333333333,3113,22,647,3072,63,647,18,0,186,18,0,186,0.10625,3065,30,684,3040,55,684,17,0,183,17,0,183,0.1041666666666666,3089,25,658,3048,66,658,15,0,210,14,1,210,0.1171875,63.7,680.6333333333333,3032.4666666666667,0.26666666666666666,191.76666666666668,15.633333333333333,29.5,680.6333333333333,3066.6666666666665,0.0,191.76666666666668,15.9
quasi_lambda8,3043,29,704,3011,61,704,11,0,199,11,0,199,0.109375,3114,36,669,3072,78,669,12,0,179,12,0,179,0.0994791666666666,3146,36,705,3126,56,705,16,0,182,16,0,182,0.103125,3098,37,648,3072,63,648,22,0,205,21,1,205,0.1182291666666666,3015,28,621,2983,60,621,13,0,189,13,0,189,0.1052083333333333,3101,31,703,3068,64,703,20,0,168,20,0,168,0.0979166666666666,3024,38,669,3003,59,669,12,0,207,12,0,207,0.1140625,3053,31,641,3024,60,641,18,0,179,17,1,179,0.1026041666666666,3067,37,686,3036,68,686,19,0,197,18,1,197,0.1125,3075,32,699,3040,67,699,6,0,181,6,0,181,0.0973958333333333,3073,26,665,3049,50,665,14,0,204,14,0,204,0.1135416666666666,2988,33,685,2957,64,685,12,0,189,11,1,189,0.1046875,3153,25,681,3117,61,681,13,0,186,13,0,186,0.1036458333333333,3031,32,687,2997,66,687,13,0,193,13,0,193,0.1072916666666666,3024,42,612,2991,75,612,13,0,188,13,0,188,0.1046875,3053,30,707,3011,72,707,12,0,190,10,2,190,0.1052083333333333,3161,37,673,3143,55,673,14,0,184,14,0,184,0.103125,3058,36,733,3015,79,733,18,0,208,15,3,208,0.1177083333333333,3100,29,691,3080,49,691,20,0,182,19,1,182,0.1052083333333333,3042,27,760,3014,55,760,19,0,165,19,0,165,0.0958333333333333,3115,22,725,3077,60,725,12,0,178,12,0,178,0.0989583333333333,3058,34,689,3015,77,689,12,0,190,12,0,190,0.1052083333333333,2949,32,640,2917,64,640,17,0,220,17,0,220,0.1234375,3110,40,717,3087,63,717,15,0,224,15,0,224,0.1244791666666666,3067,22,698,3026,63,698,17,0,193,17,0,193,0.109375,3079,35,690,3054,60,690,4,0,194,4,0,194,0.103125,3134,38,703,3099,73,703,11,0,183,11,0,183,0.1010416666666666,3051,29,698,3029,51,698,12,0,195,12,0,195,0.1078125,2963,44,644,2940,67,644,13,0,190,13,0,190,0.1057291666666666,3057,42,725,3037,62,725,14,0,198,14,0,198,0.1104166666666666,63.4,685.6,3036.3333333333335,0.3333333333333333,191.33333333333334,13.8,33.0,685.6,3066.733333333333,0.0,191.33333333333334,14.133333333333333
quasi_lambda10,3086,43,653,3064,65,653,14,0,195,14,0,195,0.1088541666666666,3170,38,635,3140,68,635,19,0,186,19,0,186,0.1067708333333333,3089,34,683,3060,63,683,20,0,202,20,0,202,0.115625,2968,39,703,2942,65,703,16,0,188,14,2,188,0.10625,3037,48,666,3005,80,666,19,0,202,19,0,202,0.1151041666666666,3031,33,672,3003,61,672,14,0,189,14,0,189,0.1057291666666666,3051,50,671,3016,85,671,15,0,209,15,0,209,0.1166666666666666,3000,38,652,2974,64,652,15,0,176,14,1,176,0.0994791666666666,3139,36,661,3110,65,661,13,0,190,12,1,190,0.1057291666666666,2949,27,642,2915,61,642,13,0,196,13,0,196,0.1088541666666666,3045,40,633,3011,74,633,14,0,195,14,0,195,0.1088541666666666,3093,25,661,3058,60,661,15,0,172,14,1,172,0.0973958333333333,3028,43,708,3002,69,708,16,0,182,16,0,182,0.103125,3086,27,685,3060,53,685,14,0,193,14,0,193,0.1078125,3052,38,653,3021,69,653,12,0,166,11,1,166,0.0927083333333333,3051,24,654,3009,66,654,13,0,160,13,0,160,0.0901041666666666,3001,34,683,2975,60,683,20,0,191,20,0,191,0.1098958333333333,3036,28,679,2996,68,679,14,0,194,14,0,194,0.1083333333333333,3067,34,686,3022,79,686,9,0,206,9,0,206,0.1119791666666666,2987,29,673,2957,59,673,15,0,174,15,0,174,0.0984375,3037,31,688,3010,58,688,29,0,184,28,1,184,0.1109375,3049,41,705,3024,66,705,12,0,194,12,0,194,0.1072916666666666,3155,40,663,3132,63,663,15,0,222,14,1,222,0.1234375,3132,32,611,3106,58,611,15,0,196,15,0,196,0.1098958333333333,3042,35,690,3023,54,690,20,0,182,20,0,182,0.1052083333333333,3040,38,677,3018,60,677,16,0,196,16,0,196,0.1104166666666666,3051,33,686,3021,63,686,24,0,206,24,0,206,0.1197916666666666,3058,53,684,3026,85,684,15,0,208,15,0,208,0.1161458333333333,3168,31,670,3132,67,670,14,0,197,14,0,197,0.1098958333333333,3091,31,652,3070,52,652,12,0,191,12,0,191,0.1057291666666666,65.33333333333333,669.3,3030.0666666666666,0.26666666666666666,191.4,15.466666666666667,35.766666666666666,669.3,3059.633333333333,0.0,191.4,15.733333333333333
quasi_AP0.15,3072,68,676,3073,67,676,13,1,200,13,1,200,0.1114583333333333,3024,43,674,2999,68,674,16,0,200,16,0,200,0.1125,3014,56,636,3005,65,636,17,0,198,16,1,198,0.1119791666666666,3044,55,674,3030,69,674,13,0,193,12,1,193,0.1072916666666666,3023,57,705,3016,64,705,14,2,171,15,1,171,0.0973958333333333,3029,63,666,3021,71,666,14,2,198,14,2,198,0.1114583333333333,3030,76,671,3029,77,671,17,1,198,18,0,198,0.1125,2985,64,637,2975,74,637,6,2,193,6,2,193,0.1046875,3073,59,708,3067,65,708,16,1,190,14,3,190,0.1078125,2985,55,678,2975,65,678,18,2,193,20,0,193,0.1109375,3171,61,698,3169,63,698,15,0,186,15,0,186,0.1046875,2969,61,681,2987,43,681,12,2,174,13,1,174,0.0979166666666666,3012,59,665,3001,70,665,14,1,180,14,1,180,0.1015625,2995,64,710,2988,71,710,15,1,183,15,1,183,0.1036458333333333,3007,60,655,3017,50,655,17,1,201,16,2,201,0.1140625,3046,64,652,3038,72,652,12,2,171,13,1,171,0.0963541666666666,2966,69,614,2966,69,614,18,0,179,18,0,179,0.1026041666666666,3001,53,688,3001,53,688,10,1,199,10,1,199,0.109375,3038,47,613,3024,61,613,11,1,218,11,1,218,0.1197916666666666,3042,65,698,3027,80,698,18,1,185,17,2,185,0.10625,3109,49,673,3085,73,673,16,1,176,16,1,176,0.1005208333333333,3078,55,669,3062,71,669,10,2,181,10,2,181,0.1005208333333333,3037,69,713,3026,80,713,14,3,178,15,2,178,0.1015625,3121,58,680,3111,68,680,19,1,174,18,2,174,0.1010416666666666,2991,50,677,2977,64,677,17,1,186,16,2,186,0.10625,3016,37,660,2999,54,660,15,0,204,14,1,204,0.1140625,3036,60,683,3029,67,683,15,0,184,15,0,184,0.1036458333333333,3008,56,715,2999,65,715,15,1,177,14,2,177,0.1005208333333333,3141,63,650,3127,77,650,11,1,193,12,0,193,0.1067708333333333,2991,70,678,2988,73,678,20,1,189,20,1,189,0.109375,66.96666666666667,673.2333333333333,3027.0333333333333,1.1333333333333333,188.4,14.533333333333333,58.86666666666667,673.2333333333333,3035.133333333333,1.0666666666666667,188.4,14.6
quasi_AP0.35,3017,66,682,3003,80,682,15,4,190,15,4,190,0.1088541666666666,2952,83,692,2942,93,692,21,10,194,26,5,194,0.1171875,3167,72,732,3150,89,732,19,11,165,19,11,165,0.1015625,2921,73,652,2921,73,652,11,11,191,13,9,191,0.1109375,3013,59,682,3002,70,682,12,10,197,15,7,197,0.1140625,3031,65,651,3023,73,651,15,10,195,16,9,195,0.1145833333333333,3001,76,647,3015,62,647,13,7,198,15,5,198,0.1135416666666666,3020,61,704,3021,60,704,19,3,173,20,2,173,0.1015625,3052,75,661,3049,78,661,12,9,174,16,5,174,0.1015625,2991,89,676,2971,109,676,12,10,192,16,6,192,0.1114583333333333,3123,66,723,3120,69,723,22,9,184,26,5,184,0.1119791666666666,3049,49,757,3030,68,757,17,10,193,21,6,193,0.1145833333333333,3031,57,670,3023,65,670,22,7,199,25,4,199,0.11875,2938,70,662,2934,74,662,14,10,191,14,10,191,0.1119791666666666,3055,64,658,3051,68,658,21,9,199,23,7,199,0.1192708333333333,2987,97,708,2986,98,708,12,7,191,12,7,191,0.109375,3114,75,694,3113,76,694,10,14,200,14,10,200,0.1166666666666666,2982,83,708,2996,69,708,11,15,194,16,10,194,0.1145833333333333,3080,56,678,3070,66,678,20,13,179,23,10,179,0.1104166666666666,3052,67,626,3050,69,626,14,5,177,15,4,177,0.1020833333333333,3131,48,653,3087,92,653,17,13,181,18,12,181,0.1098958333333333,3019,74,667,3011,82,667,16,11,186,16,11,186,0.1109375,3075,69,711,3066,78,711,21,15,181,22,14,181,0.1130208333333333,3120,53,637,3104,69,637,7,8,188,8,7,188,0.1057291666666666,2965,68,698,2955,78,698,11,15,199,14,12,199,0.1171875,3124,90,677,3124,90,677,21,16,191,23,14,191,0.11875,2951,75,632,2954,72,632,23,14,193,27,10,193,0.1197916666666666,2993,67,621,2991,69,621,12,12,209,15,9,209,0.1213541666666666,2907,89,646,2901,95,646,17,5,193,17,5,193,0.1119791666666666,3041,66,660,3030,77,660,17,9,200,20,6,200,0.1177083333333333,77.03333333333333,675.5,3023.1,7.866666666666666,189.9,18.0,70.06666666666666,675.5,3030.0666666666666,10.066666666666666,189.9,15.8
quasi_AP0.45,3050,78,656,3048,80,656,14,51,192,23,42,192,0.1338541666666666,3126,88,699,3115,99,699,15,46,183,27,34,183,0.1270833333333333,2978,82,684,2974,86,684,27,28,193,32,23,193,0.1291666666666666,2928,92,683,2942,78,683,16,54,186,30,40,186,0.1333333333333333,2972,77,608,2979,70,608,24,48,187,38,34,187,0.1348958333333333,3185,69,700,3179,75,700,15,35,201,27,23,201,0.1307291666666666,3076,79,734,3079,76,734,16,44,203,31,29,203,0.1369791666666666,2912,85,679,2905,92,679,15,57,206,37,35,206,0.1447916666666666,3032,98,750,3037,93,750,17,55,182,30,42,182,0.1322916666666666,3065,75,684,3062,78,684,24,49,188,31,42,188,0.1359375,3030,89,657,3041,78,657,10,50,175,22,38,175,0.1223958333333333,3100,94,630,3121,73,630,19,39,196,26,32,196,0.1322916666666666,2951,98,695,2953,96,695,11,52,174,23,40,174,0.1234375,2957,79,669,2948,88,669,16,53,171,37,32,171,0.125,2964,76,657,2971,69,657,19,51,191,30,40,191,0.1359375,3080,102,671,3074,108,671,13,40,204,22,31,204,0.1338541666666666,3069,77,682,3058,88,682,14,60,189,26,48,189,0.1369791666666666,3077,79,683,3074,82,683,16,41,209,29,28,209,0.1385416666666666,3019,76,669,3016,79,669,14,43,185,23,34,185,0.1260416666666666,3014,55,698,3011,58,698,8,50,191,25,33,191,0.1296875,2935,72,654,2922,85,654,19,37,187,29,27,187,0.1265625,2980,91,642,2978,93,642,15,59,209,31,43,209,0.1473958333333333,3080,87,655,3082,85,655,19,48,197,32,35,197,0.1375,2968,100,744,2974,94,744,13,56,182,28,41,182,0.1307291666666666,2973,82,694,2983,72,694,10,51,202,28,33,202,0.1369791666666666,3095,84,682,3091,88,682,24,54,174,37,41,174,0.13125,2942,79,631,2925,96,631,10,44,190,20,34,190,0.1270833333333333,3045,81,678,3036,90,678,8,49,213,19,38,213,0.140625,3189,76,650,3180,85,650,18,53,178,35,36,178,0.1296875,3129,92,693,3151,70,693,22,46,206,35,33,206,0.1427083333333333,83.46666666666667,677.0333333333333,3030.3,35.36666666666667,191.46666666666667,28.766666666666666,83.06666666666666,677.0333333333333,3030.7,48.1,191.46666666666667,16.033333333333335
quasi_AP0.5,3009,80,672,3001,88,672,13,110,196,50,73,196,0.1661458333333333,3039,88,674,3054,73,674,9,118,193,50,77,193,0.1666666666666666,3063,71,624,3055,79,624,14,110,205,55,69,205,0.1713541666666666,3136,99,691,3146,89,691,21,150,223,57,114,223,0.2052083333333333,3108,91,698,3105,94,698,18,107,187,48,77,187,0.1625,2999,85,648,3021,63,648,17,128,181,53,92,181,0.1697916666666666,3053,122,646,3070,105,646,27,116,175,55,88,175,0.165625,3030,65,677,3017,78,677,16,99,186,42,73,186,0.1567708333333333,2998,79,649,3002,75,649,14,118,186,56,76,186,0.165625,3033,91,624,3033,91,624,12,133,206,48,97,206,0.1828125,3073,85,681,3072,86,681,14,94,188,40,68,188,0.1541666666666666,3075,93,654,3081,87,654,15,121,181,53,83,181,0.1651041666666666,2977,92,678,2988,81,678,16,91,190,53,54,190,0.1546875,2933,88,638,2946,75,638,17,110,189,53,74,189,0.1645833333333333,3050,95,669,3068,77,669,18,118,195,48,88,195,0.1723958333333333,3051,88,657,3058,81,657,15,108,194,48,75,194,0.1651041666666666,3054,79,695,3060,73,695,18,106,190,44,80,190,0.1635416666666666,3005,101,686,3012,94,686,19,108,182,43,84,182,0.1609375,3235,88,660,3233,90,660,17,123,188,55,85,188,0.1708333333333333,3219,79,638,3217,81,638,24,114,196,61,77,196,0.1739583333333333,3089,98,611,3120,67,611,15,117,192,38,94,192,0.16875,2960,101,671,2974,87,671,20,117,190,51,86,190,0.1703125,3076,86,677,3076,86,677,9,130,206,41,98,206,0.1796875,3026,89,646,3020,95,646,12,136,216,45,103,216,0.1895833333333333,3009,94,641,3012,91,641,19,105,190,49,75,190,0.1635416666666666,3017,82,676,3026,73,676,21,122,197,53,90,197,0.1770833333333333,3060,105,688,3077,88,688,19,102,176,55,66,176,0.1546875,3061,105,662,3070,96,662,21,115,191,54,82,191,0.1703125,3057,95,710,3057,95,710,16,153,202,59,110,202,0.1932291666666666,3076,83,673,3060,99,673,14,117,189,47,84,189,0.1666666666666666,84.56666666666666,663.8,3057.7,83.06666666666666,192.66666666666666,50.13333333333333,89.9,663.8,3052.366666666667,116.53333333333333,192.66666666666666,16.666666666666668
